latitude_deg,longitude_deg,altitude_m,timestamp,observed_total_nt,observed_declination_deg,observed_inclination_deg,is_injected_anomaly,track_id,dataset_split,source_file,baseline_total_nt,baseline_declination_deg,baseline_inclination_deg,residual_total_nt,residual_declination_deg,residual_inclination_deg,delta_residual_total_nt,rolling_residual_total_nt,spatial_anomaly_score,temporal_anomaly_score,final_anomaly_score,is_anomaly,baseline_residual_score,baseline_is_anomaly
44.1,-81.9,250.0,1970-01-01 00:29:34.526400,52175.0,-7.55,57.8,False,anomalous_eval_run_6,anomalous_eval,anomalous_eval_run_6.jsonl,52736.29452816862,-8.531544288167543,45.23433177850043,-561.2945281686189,0.9815442881675436,12.565668221499564,0.0,-561.2945281686189,0.10448478,0.135065,0.12130390405654908,False,0.4318395813958427,False
44.1111888112,-81.8832167832,250.0,1970-01-01 00:29:34.526700,52218.8818296299,-7.5501930269,57.8329299168,False,anomalous_eval_run_6,anomalous_eval,anomalous_eval_run_6.jsonl,52737.76430965588,-8.52957363683337,45.2434463111054,-518.8824800259827,0.9793806099333695,12.589483605694596,42.412048142636195,-540.0885040973008,0.10448478,0.135065,0.12130390405654908,False,0.39920929516124354,False
44.1223776224,-81.8664335664,250.0,1970-01-01 00:29:34.527000,52262.4250078545,-7.5507717349,57.8657168443,False,anomalous_eval_run_6,anomalous_eval,anomalous_eval_run_6.jsonl,52739.233864254194,-8.527602063276891,45.25255911835603,-476.80885639969347,0.9768303283768915,12.613157725943971,42.07362362628919,-518.9952881980984,0.10448478,0.135065,0.12130390405654908,False,0.366839380432403,False
44.1335664336,-81.8496503497,250.0,1970-01-01 00:29:34.527300,52305.2934967598,-7.5517350071,57.8982184141,False,anomalous_eval_run_6,anomalous_eval,anomalous_eval_run_6.jsonl,52740.703191888846,-8.525629568048924,45.26167019990478,-435.4096951290485,0.9738945609489242,12.636548214195223,41.39916127064498,-477.0336771849082,0.10448478,0.135065,0.12130390405654908,False,0.334988372492622,False
44.1447552448,-81.8328671329,250.0,1970-01-01 00:29:34.527600,52347.1564652447,-7.553080984,57.9302934968,False,anomalous_eval_run_6,anomalous_eval,anomalous_eval_run_6.jsonl,52742.17229249138,-8.523656151694103,45.270779555404225,-395.0158272466797,0.9705751676941032,12.659513941395772,40.393867882368795,-435.74479292514053,0.10448478,0.135065,0.12130390405654908,False,0.30391080069765725,False
44.1559440559,-81.8160839161,250.0,1970-01-01 00:29:34.527900,52387.6908421605,-7.5548070675,57.9618028149,False,anomalous_eval_run_6,anomalous_eval,anomalous_eval_run_6.jsonl,52743.641165977075,-8.521681814778105,45.279887184425554,-355.950323816578,0.9668747472781059,12.681915630474442,39.06550343010167,-395.4586153974354,0.10448478,0.135065,0.12130390405654908,False,0.27385522416582075,False
44.1671328671,-81.7993006993,250.0,1970-01-01 00:29:34.528200,52426.5838095638,-7.5569099258,57.9926095478,False,anomalous_eval_run_6,anomalous_eval,anomalous_eval_run_6.jsonl,52745.10981229338,-8.519706557821362,45.28899308678428,-318.5260027295808,0.9627966320213615,12.70361646101572,37.424321086997224,-356.49738459761284,0.10432853,0.1448132,0.12659509479999542,False,0.24506231359716926,False
44.1783216783,-81.7825174825,250.0,1970-01-01 00:29:34.528500,52463.5352168413,-7.5593854999,58.0225799255,False,anomalous_eval_run_6,anomalous_eval,anomalous_eval_run_6.jsonl,52746.5782313577,-8.51773038138783,45.29809726205173,-283.0430145163991,0.9583448814878297,12.724482663448264,35.48298821318167,-319.17311368751933,0.10432853,0.1448132,0.12659509479999542,False,0.21776299388591275,False
44.1895104895,-81.7657342657,250.0,1970-01-01 00:29:34.528800,52498.2598970776,-7.5622290112,58.0515838096,False,anomalous_eval_run_6,anomalous_eval,anomalous_eval_run_6.jsonl,52748.04642309742,-8.515753286027243,45.30719970988071,-249.78652601981594,0.9535242748272426,12.744384099719284,33.25648849658319,-283.7851810885986,0.10432853,0.1448132,0.12659509479999542,False,0.19217666202210773,False
44.2006993007,-81.748951049,250.0,1970-01-01 00:29:34.529100,52530.4898677876,-7.565434971,58.0794952585,False,anomalous_eval_run_6,anomalous_eval,anomalous_eval_run_6.jsonl,52749.514387437914,-8.513775272291692,45.31630042992412,-219.0245196503165,0.948340301291692,12.763194828575884,30.76200636949943,-250.61802006217718,0.10432853,0.1448132,0.12659509479999542,False,0.16850949391903627,False
44.2118881119,-81.7321678322,250.0,1970-01-01 00:29:34.529400,52559.9763990306,-7.5689971909,58.1061930744,False,anomalous_eval_run_6,anomalous_eval,anomalous_eval_run_6.jsonl,52750.98212431076,-8.511796340727019,45.32539942183489,-191.00572528015618,0.9427991498270183,12.780793652565109,28.01879437016032,-219.9389236500962,0.10432853,0.1448132,0.12659509479999542,False,0.14695285328777152,False
44.2230769231,-81.7153846154,250.0,1970-01-01 00:29:34.529700,52586.4919329468,-7.5729087949,58.1315613291,False,anomalous_eval_run_6,anomalous_eval,anomalous_eval_run_6.jsonl,52752.44963364133,-8.509816491885731,45.33449668526603,-165.95770069452556,0.9369076969857311,12.79706464383397,25.04802458563063,-191.99598187499942,0.10432853,0.1448132,0.12659509479999542,False,0.127681814806167,False
44.2342657343,-81.6986013986,250.0,1970-01-01 00:29:34.530000,52609.8318399002,-7.5771622325,58.1554898678,False,anomalous_eval_run_6,anomalous_eval,anomalous_eval_run_6.jsonl,52753.91691535708,-8.507835726318389,45.34359221987063,-144.08507545687462,0.9306734938183885,12.81189764792937,21.872625237650936,-167.01616714385213,0.105332345,0.16240612,0.13672291934490205,False,0.11085381301275238,False
44.2454545455,-81.6818181818,250.0,1970-01-01 00:29:34.530300,52629.8159976773,-7.5817492934,58.1778747872,False,anomalous_eval_run_6,anomalous_eval,anomalous_eval_run_6.jsonl,52755.383969385475,-8.505854044575763,45.35268602530181,-125.56797170817299,0.9241047511757632,12.82518876189819,18.51710374870163,-145.2035826198577,0.105332345,0.16240612,0.13672291934490205,False,0.09660742732716007,False
44.2566433566,-81.665034965,250.0,1970-01-01 00:29:34.530600,52646.2901815527,-7.5866611235,58.1986188868,False,anomalous_eval_run_6,anomalous_eval,anomalous_eval_run_6.jsonl,52756.850795643986,-8.503871447223295,45.361778101131534,-110.56061409128597,0.9172103237232951,12.836840785668464,15.00735761688702,-126.73788708544453,0.105332345,0.16240612,0.13672291934490205,False,0.08506131257653256,False
44.2678321678,-81.6482517483,250.0,1970-01-01 00:29:34.530900,52659.127254496,-7.5918882414999995,58.2176320909,False,anomalous_eval_run_6,anomalous_eval,anomalous_eval_run_6.jsonl,52758.31739407803,-8.501887934785428,45.37086844717561,-99.1901395820314,0.9099996932854282,12.846763643724387,11.370474509254564,-111.7729084604968,0.105332345,0.16240612,0.13672291934490205,False,0.07631328332285434,False
44.279020979,-81.6314685315,250.0,1970-01-01 00:29:34.531200,52668.2281483317,-7.5974205576,58.2348318399,False,anomalous_eval_run_6,anomalous_eval,anomalous_eval_run_6.jsonl,52759.78376460925,-8.49990350782366,45.3799570630061,-91.55561627755378,0.9024829502236607,12.854874776893894,7.634523304477625,-100.43545665029039,0.105332345,0.16240612,0.13672291934490205,False,0.07043955895443861,False
44.2902097902,-81.6146853147,250.0,1970-01-01 00:29:34.531500,52673.5226282835,-7.6032473932,58.2501434484,False,anomalous_eval_run_6,anomalous_eval,anomalous_eval_run_6.jsonl,52761.24990716306,-8.497918166891772,45.38904394827642,-87.72727887955989,0.8946707736917716,12.861099500123586,3.8283373979938915,-92.82434491304836,0.105332345,0.16240612,0.13672291934490205,False,0.06749417549455373,False
44.3013986014,-81.5979020979,250.0,1970-01-01 00:29:34.531800,52674.9698350006,-7.6093575006,58.2635004298,False,anomalous_eval_run_6,anomalous_eval,anomalous_eval_run_6.jsonl,52762.715821666985,-8.495931912541568,45.39812910264003,-87.74598666638485,0.8865744119415684,12.86537132715997,-0.01870778682496166,-89.00962727449951,0.104461156,0.16302717,0.13667246215045453,False,0.06750856858485821,False
44.3125874126,-81.5811188811,250.0,1970-01-01 00:29:34.532100,52672.5585998832,-7.615739086,58.2748447851,False,anomalous_eval_run_6,anomalous_eval,anomalous_eval_run_6.jsonl,52764.18150804854,-8.493944745325065,45.40721252575048,-91.62290816533641,0.8782056593250651,12.86763225934952,-3.8769214989515604,-89.03205790376039,0.104461156,0.16302717,0.13667246215045453,False,0.0704913308837788,False
44.3237762238,-81.5643356643,250.0,1970-01-01 00:29:34.532400,52666.307531275,-7.6223798309,58.2841272545,False,anomalous_eval_run_6,anomalous_eval,anomalous_eval_run_6.jsonl,52765.64696623525,-8.491956665794483,45.41629421726136,-99.33943496024585,0.8695768348944828,12.86783303723864,-7.716526794909441,-92.90277659732237,0.104461156,0.16302717,0.13667246215045453,False,0.07642814575317736,False
44.334965035,-81.5475524476,250.0,1970-01-01 00:29:34.532700,52656.2648708555,-7.6292669171,58.2913075313,False,anomalous_eval_run_6,anomalous_eval,anomalous_eval_run_6.jsonl,52767.11219615259,-8.489967674504454,45.42537417682635,-110.84732529709436,0.8607007574044543,12.865933354473647,-11.507890336848504,-100.60322280755888,0.104461156,0.16302717,0.13667246215045453,False,0.08528189774329298,False
44.3461538462,-81.5307692308,250.0,1970-01-01 00:29:34.533000,52642.5081213427,-7.6363870507,58.296354437,False,anomalous_eval_run_6,anomalous_eval,anomalous_eval_run_6.jsonl,52768.57719773226,-8.487977772003218,45.43445240409918,-126.06907638956181,0.8515907213032179,12.861902032900815,-15.221751092467457,-112.08527888230067,0.104461156,0.16302717,0.13667246215045453,False,0.09699295903108118,False
44.3573426573,-81.513986014,250.0,1970-01-01 00:29:34.533300,52625.1434483772,-7.6437264877,58.299246057,False,anomalous_eval_run_6,anomalous_eval,anomalous_eval_run_6.jsonl,52770.04197088975,-8.485986958860291,45.443528898652566,-144.8985225125507,0.8422604711602908,12.855717158347431,-18.829446122988884,-127.27164139973563,0.104461156,0.16302717,0.13667246215045453,False,0.1114796495716032,False
44.3685314685,-81.4972027972,250.0,1970-01-01 00:29:34.533600,52604.3048612051,-7.6512710612,58.299969835,False,anomalous_eval_run_6,anomalous_eval,anomalous_eval_run_6.jsonl,52771.50651557261,-8.483995235599766,45.452603660302586,-167.20165436751267,0.8327241743997655,12.847366174697413,-22.303131854961975,-146.05641775654172,0.10167903,0.15175906,0.12922304421663286,False,0.12863886748788705,False
44.3797202797,-81.4804195804,250.0,1970-01-01 00:29:34.533900,52580.1531784815,-7.659006208,58.2985226283,False,anomalous_eval_run_6,anomalous_eval,anomalous_eval_run_6.jsonl,52772.97083169841,-8.482002602789372,45.46167668862205,-192.8176532169091,0.8229963947893717,12.83684593967795,-25.61599884939642,-168.3059433656575,0.10167903,0.15175906,0.12922304421663286,False,0.14834688469634377,False
44.3909090909,-81.4636363636,250.0,1970-01-01 00:29:34.534200,52552.8747871771,-7.6669169973999995,58.2949107209,False,anomalous_eval_run_6,anomalous_eval,anomalous_eval_run_6.jsonl,52774.43491919477,-8.480009060982576,45.47074798326498,-221.560132017672,0.8130920635825767,12.824162737635021,-28.74247880076291,-193.85981320069791,0.10167903,0.15175906,0.12922304421663286,False,0.17046030178968055,False
44.4020979021,-81.4468531469,250.0,1970-01-01 00:29:34.534500,52522.6802041649,-7.6749881593,58.2891497967,False,anomalous_eval_run_6,anomalous_eval,anomalous_eval_run_6.jsonl,52775.89877798719,-8.47801461073527,45.479817543885424,-253.21857382229064,0.8030264514352705,12.809332252814578,-31.658441804618633,-222.5321196856239,0.10167903,0.15175906,0.12922304421663286,False,0.19481715469034547,False
44.4132867133,-81.4300699301,250.0,1970-01-01 00:29:34.534800,52489.8024515875,-7.6832041142000005,58.2812648709,False,anomalous_eval_run_6,anomalous_eval,anomalous_eval_run_6.jsonl,52777.36240800742,-8.476019252596878,45.488885370137524,-287.55995641992195,0.7928151383968771,12.792379500762479,-34.34138259763131,-254.11288741996154,0.10167903,0.15175906,0.12922304421663286,False,0.22123816459026827,False
44.4244755245,-81.4132867133,250.0,1970-01-01 00:29:34.535100,52454.4952585444,-7.6915490031000004,58.2712901816,False,anomalous_eval_run_6,anomalous_eval,anomalous_eval_run_6.jsonl,52778.82580918102,-8.474022987123702,45.49795146167546,-324.33055063662323,0.7824739840237012,12.773338719924539,-36.770594216701284,-288.3696936262786,0.10167903,0.15175906,0.12922304421663286,False,0.24952812149760956,False
44.4356643357,-81.3965034965,250.0,1970-01-01 00:29:34.535400,52417.0311029756,-7.7000067181,58.2592690412,False,anomalous_eval_run_6,anomalous_eval,anomalous_eval_run_6.jsonl,52780.2889814356,-8.472025814870028,45.50701581815354,-363.2578784600046,0.7720190967700278,12.75225322304646,-38.92732782338135,-325.04946183884994,0.09824407,0.18048595,0.1434771038591862,False,0.2794773907466013,False
44.4468531469,-81.3797202797,250.0,1970-01-01 00:29:34.535700,52377.6991088541,-7.7085609336,58.2452536484,False,anomalous_eval_run_6,anomalous_eval,anomalous_eval_run_6.jsonl,52781.75192469881,-8.47002773639034,45.51607843922606,-404.05281584470504,0.7614668027903404,12.729175209173945,-40.79493738470046,-363.8804149804443,0.09824407,0.18048595,0.1434771038591862,False,0.31086353081954776,False
44.458041958,-81.3629370629,250.0,1970-01-01 00:29:34.536000,52336.8028149156,-7.7171951377,58.2293048612,False,anomalous_eval_run_6,anomalous_eval,anomalous_eval_run_6.jsonl,52783.214638888305,-8.468028752253845,45.52513932446645,-446.41182397270313,0.7508336145538452,12.704165536733548,-42.359008127998095,-404.5741727591376,0.09824407,0.18048595,0.1434771038591862,False,0.34345300999730055,False
44.4692307692,-81.3461538462,250.0,1970-01-01 00:29:34.536300,52294.6578321438,-7.7258926639,58.2114919329,False,anomalous_eval_run_6,anomalous_eval,anomalous_eval_run_6.jsonl,52784.67712394962,-8.466028862988686,45.53419847369115,-490.01929180582374,0.7401361990886866,12.677293459208855,-43.60746783312061,-446.82797720774397,0.09824407,0.18048595,0.1434771038591862,False,0.37700300863389924,False
44.4804195804,-81.3293706294,250.0,1970-01-01 00:29:34.536600,52251.58940809,-7.7346367238,58.1918922115,False,anomalous_eval_run_6,anomalous_eval,anomalous_eval_run_6.jsonl,52786.13937980459,-8.464028069159975,45.543255886473695,-534.5499717145867,0.729391345359975,12.648636325026303,-44.53067990876298,-490.3270291643712,0.09824407,0.18048595,0.1434771038591862,False,0.4112632930407616,False
44.4916083916,-81.3125874126,250.0,1970-01-01 00:29:34.536900,52207.9299168246,-7.743410439,58.1705908033,False,anomalous_eval_run_6,anomalous_eval,anomalous_eval_run_6.jsonl,52787.60140637881,-8.462026371325269,45.55231156246867,-579.67148955421,0.7186159323252692,12.618279240831335,-45.121517839623266,-534.7469176915401,0.09824407,0.18048595,0.1434771038591862,False,0.4459781466478047,False
44.5027972028,-81.2958041958,250.0,1970-01-01 00:29:34.537200,52164.0162938901,-7.7521968738,58.1476802042,False,anomalous_eval_run_6,anomalous_eval,anomalous_eval_run_6.jsonl,52789.06320359996,-8.460023770040085,45.561365501330734,-625.0469097098612,0.7078268962400847,12.586314702869267,-45.37542015565123,-579.7561236595526,0.093407854,0.24515972,0.1768713779747486,False,0.48088834345590614,False
44.513986014,-81.279020979,250.0,1970-01-01 00:29:34.537500,52120.1874360517,-7.760979068,58.1232598971,False,anomalous_eval_run_6,anomalous_eval,anomalous_eval_run_6.jsonl,52790.52477139574,-8.458020265860139,45.570417702714636,-670.3373353440402,0.6970411978601385,12.552842194385363,-45.29042563417897,-625.0185782027038,0.093407854,0.24515972,0.1768713779747486,False,0.5157331485726022,False
44.5251748252,-81.2622377622,250.0,1970-01-01 00:29:34.537800,52076.781585913,-7.7697400696,58.0974359207,False,anomalous_eval_run_6,anomalous_eval,anomalous_eval_run_6.jsonl,52791.98610969384,-8.456015859341363,45.57946816627517,-715.2045237808416,0.6862757897413632,12.51796775442483,-44.86718843680137,-670.1962562782477,0.093407854,0.24515972,0.1768713779747486,False,0.5502523303935518,False
44.5363636364,-81.2454545455,250.0,1970-01-01 00:29:34.538100,52034.1337215793,-7.7784629677,58.0703204087,False,anomalous_eval_run_6,anomalous_eval,anomalous_eval_run_6.jsonl,52793.44721841991,-8.454010551042153,45.58851689166719,-759.3134968406084,0.6755475833421523,12.481803517032809,-44.10897305976687,-714.95178532183,0.093407854,0.24515972,0.1768713779747486,False,0.5841881688990147,False
44.5475524476,-81.2286713287,250.0,1970-01-01 00:29:34.538400,51992.5729715146,-7.7871309244999996,58.042031103,False,anomalous_eval_run_6,anomalous_eval,anomalous_eval_run_6.jsonl,52794.90809750581,-8.452004341514305,45.59756387854562,-802.3351259912088,0.6648734170143058,12.444467224454378,-43.02162915060035,-758.9510488708862,0.093407854,0.24515972,0.1768713779747486,False,0.6172874445751554,False
44.5587412587,-81.2118881119,250.0,1970-01-01 00:29:34.538700,51952.4200745425,-7.7957272087,58.0126908422,False,anomalous_eval_run_6,anomalous_eval,anomalous_eval_run_6.jsonl,52796.36874686724,-8.449997231331146,45.606609126484635,-843.9486723247464,0.6542700226311462,12.406081715715366,-41.61354633353767,-801.8657650521878,0.093407854,0.24515972,0.1768713779747486,False,0.6493033925796814,False
44.5699300699,-81.1951048951,250.0,1970-01-01 00:29:34.539000,51913.9849045927,-7.804235227,57.9824270285,False,anomalous_eval_run_6,anomalous_eval,anomalous_eval_run_6.jsonl,52797.82916645185,-8.447989221020377,45.615652635300954,-883.8442618591507,0.6437539940203765,12.366774393199044,-39.89558953440428,-843.3760200583687,0.089534864,0.2448191,0.1749411962926388,False,0.6799976071487959,False
44.5811188811,-81.1783216783,250.0,1970-01-01 00:29:34.539300,51877.5640792954,-7.8126385569,57.9513710744,False,anomalous_eval_run_6,anomalous_eval,anomalous_eval_run_6.jsonl,52799.289356177425,-8.445980311153468,45.62469440456888,-921.7252768820254,0.6333417542534683,12.326676669831123,-37.881015022874635,-883.1727370219742,0.089534864,0.2448191,0.1749411962926388,False,0.7091418814101219,False
44.5923076923,-81.1615384615,250.0,1970-01-01 00:29:34.539600,51843.4386708796,-7.8209209774,57.9196578321,False,anomalous_eval_run_6,anomalous_eval,anomalous_eval_run_6.jsonl,52800.749315971734,-8.443970502287563,45.63373443394357,-957.3106450921332,0.6230495248875627,12.285923398156427,-35.585368210107845,-920.9600612777698,0.089534864,0.2448191,0.1749411962926388,False,0.7365199685648455,False
44.6034965035,-81.1447552448,250.0,1970-01-01 00:29:34.539900,51811.8720370406,-7.8290665014,57.8874250079,False,anomalous_eval_run_6,anomalous_eval,anomalous_eval_run_6.jsonl,52802.20904576048,-8.441959794982314,45.64277272308034,-990.3370087198782,0.6128932935823137,12.244652284819658,-33.02636362774501,-956.457643564679,0.089534864,0.2448191,0.1749411962926388,False,0.7619292507300688,False
44.6146853147,-81.127972028,250.0,1970-01-01 00:29:34.540200,51783.1077885166,-7.8370594058,57.8548125639,False,anomalous_eval_run_6,anomalous_eval,anomalous_eval_run_6.jsonl,52803.66854547556,-8.43994818979069,45.65180927163446,-1020.5607569589556,0.6028887839906893,12.203003292265535,-30.223748239077395,-989.4028035903224,0.089534864,0.2448191,0.1749411962926388,False,0.7851823026177501,False
44.6258741259,-81.1111888112,250.0,1970-01-01 00:29:34.540500,51757.3679090595,-7.8448842622,57.8219621112,False,anomalous_eval_run_6,anomalous_eval,anomalous_eval_run_6.jsonl,52805.1278150427,-8.437935687272741,45.660844079261366,-1047.7599059831991,0.5930514250727414,12.161118031938635,-27.199149024243525,-1019.5525572206776,0.089534864,0.2448191,0.1749411962926388,False,0.8061083379512426,False
44.6370629371,-81.0944055944,250.0,1970-01-01 00:29:34.540800,51734.851042309,-7.8525259664,57.7890162939,False,anomalous_eval_run_6,anomalous_eval,anomalous_eval_run_6.jsonl,52806.5868543897,-8.435922287986438,45.66987714561649,-1071.735812080704,0.583396321586438,12.119139148283509,-23.975906097504776,-1046.6854916742861,0.08772898,0.18152267,0.13931550681591034,False,0.8245545274883372,False
44.6482517483,-81.0776223776,250.0,1970-01-01 00:29:34.541100,51715.7309587898,-7.8599697679,57.7561181704,False,anomalous_eval_run_6,anomalous_eval,anomalous_eval_run_6.jsonl,52808.04566344436,-8.43390799248994,45.67890847035536,-1092.3147046545637,0.5739382245899405,12.07720970004464,-20.578892573859775,-1070.6034742394888,0.08772898,0.18152267,0.13931550681591034,False,0.8403871784562369,False
44.6594405594,-81.0608391608,250.0,1970-01-01 00:29:34.541400,51700.1552148644,-7.8672012983,57.7234105919,False,anomalous_eval_run_6,anomalous_eval,anomalous_eval_run_6.jsonl,52809.50424212457,-8.431892801356163,45.687938053052875,-1109.3490272601703,0.5646915030561628,12.035472538847124,-17.034322605606576,-1091.1331813318127,0.08772898,0.18152267,0.13931550681591034,False,0.8534927662968457,False
44.6706293706,-81.0440559441,250.0,1970-01-01 00:29:34.541700,51688.2440139886,-7.8742065986,57.6910355824,False,anomalous_eval_run_6,anomalous_eval,anomalous_eval_run_6.jsonl,52810.96259037594,-8.429876715116913,45.6969658935261,-1122.718576387335,0.5556701165169136,11.9940696888739,-13.369549127164646,-1108.1274361006897,0.08772898,0.18152267,0.13931550681591034,False,0.8637788108042874,False
44.6818181818,-81.0272727273,250.0,1970-01-01 00:29:34.542000,51680.0892790595,-7.8809721468,57.6591337216,False,anomalous_eval_run_6,anomalous_eval,anomalous_eval_run_6.jsonl,52812.42070812052,-8.427859734340874,45.705991991350054,-1132.3314290610142,0.5468875875408745,11.953141730249946,-9.6128526736793,-1121.4663442361732,0.08772898,0.18152267,0.13931550681591034,False,0.8711745897871435,False
44.693006993,-81.0104895105,250.0,1970-01-01 00:29:34.542300,51675.7539430148,-7.8874848835,57.6278435348,False,anomalous_eval_run_6,anomalous_eval,anomalous_eval_run_6.jsonl,52813.87859528407,-8.425841859589339,45.71501634618051,-1138.1246522692672,0.5383569760893385,11.912827188619488,-5.793223208253039,-1131.0582192392055,0.08772898,0.18152267,0.13931550681591034,False,0.8756316848765029,False
44.7041958042,-80.9937062937,250.0,1970-01-01 00:29:34.542600,51675.2714631567,-7.8937322375,57.5973008911,False,anomalous_eval_run_6,anomalous_eval,anomalous_eval_run_6.jsonl,52815.33625179446,-8.42382309142149,45.72403895767334,-1140.0647886377628,0.5300908539214895,11.873261933426654,-1.9401363684955868,-1136.840289989348,0.09914604,0.15331458,0.12893873378634454,False,0.8771243551862521,False
44.7153846154,-80.9769230769,250.0,1970-01-01 00:29:34.542900,51678.645562951,-7.8997021496,57.567638414,False,anomalous_eval_run_6,anomalous_eval,anomalous_eval_run_6.jsonl,52816.793677579546,-8.421803430396706,45.73305982548447,-1138.1481146285441,0.5221012807967051,11.834578588515534,1.9166740092186956,-1138.7791851785248,0.09914604,0.15331458,0.12893873378634454,False,0.875649735961807,False
44.7265734266,-80.9601398601,250.0,1970-01-01 00:29:34.543200,51685.850203291,-7.9053830964,57.5389849046,False,anomalous_eval_run_6,anomalous_eval,anomalous_eval_run_6.jsonl,52818.2508725672,-8.41978287707457,45.742078949269874,-1132.400669276205,0.5143997806745713,11.796905955330125,5.747445352339128,-1136.871190847504,0.09914604,0.15331458,0.12893873378634454,False,0.8712278606886812,False
44.7377622378,-80.9433566434,250.0,1970-01-01 00:29:34.543500,51696.8297834509,-7.910764112,57.5114647832,False,anomalous_eval_run_6,anomalous_eval,anomalous_eval_run_6.jsonl,52819.707836683236,-8.417761432017219,45.75109632868563,-1122.8780532323362,0.5069973200172191,11.76036845451437,9.522616043868766,-1131.1422790456952,0.09914604,0.15331458,0.12893873378634454,False,0.863901506484597,False
44.748951049,-80.9265734266,250.0,1970-01-01 00:29:34.543800,51711.4995701761,-7.9158348096,57.4851975484,False,anomalous_eval_run_6,anomalous_eval,anomalous_eval_run_6.jsonl,52821.16456985968,-8.415739095779957,45.760111963387835,-1109.6649996835768,0.49990428617995697,11.725085585012167,13.21305354875949,-1121.6479073973726,0.09914604,0.15331458,0.12893873378634454,False,0.8537358639794503,False
44.7601398601,-80.9097902098,250.0,1970-01-01 00:29:34.544100,51729.7463515988,-7.9205854015,57.4602972588,False,anomalous_eval_run_6,anomalous_eval,anomalous_eval_run_6.jsonl,52822.62107201244,-8.413715868939873,45.76912585295215,-1092.8747204136453,0.49313046743987243,11.691171405847847,16.79027926993149,-1108.4725911098528,0.09914604,0.15331458,0.12893873378634454,False,0.8408180341992385,False
44.7713286713,-80.893006993,250.0,1970-01-01 00:29:34.544400,51751.4293109339,-7.9250067177,57.436872037,False,anomalous_eval_run_6,anomalous_eval,anomalous_eval_run_6.jsonl,52824.07734308929,-8.411691752028238,45.77813799719594,-1072.64803215539,0.4866850343282385,11.65873403980406,20.226688258255308,-1091.7292507508707,0.111801684,0.16473532,0.14091518223285676,False,0.8252563564131241,False
44.7825174825,-80.8762237762,250.0,1970-01-01 00:29:34.544700,51776.3811132114,-7.9290902239,57.415023601,False,anomalous_eval_run_6,anomalous_eval,anomalous_eval_run_6.jsonl,52825.5333830082,-8.409666745620209,45.78714839569496,-1049.152269796803,0.4805765217202085,11.627875205305038,23.495762358586944,-1071.5583407886127,0.111801684,0.16473532,0.14091518223285676,False,0.8071795719936966,False
44.7937062937,-80.8594405594,250.0,1970-01-01 00:29:34.545000,51804.4091966586,-7.9328280378,57.3948468215,False,anomalous_eval_run_6,anomalous_eval,anomalous_eval_run_6.jsonl,52826.98919169712,-8.407640850276577,45.79615704810562,-1022.579995038519,0.4748128124765767,11.598689773394383,26.57227475828404,-1048.1267656635707,0.111801684,0.16473532,0.14091518223285676,False,0.7867358309050511,False
44.8048951049,-80.8426573427,250.0,1970-01-01 00:29:34.545300,51835.2972587663,-7.9362129445,57.3764293109,False,anomalous_eval_run_6,anomalous_eval,anomalous_eval_run_6.jsonl,52828.4447690819,-8.405614066560705,45.805163954084335,-993.1475103155972,0.46940112206070506,11.571265356815665,29.4324847229218,-1021.626591716973,0.111801684,0.16473532,0.14091518223285676,False,0.7640915483682938,False
44.8160839161,-80.8258741259,250.0,1970-01-01 00:29:34.545600,51868.8069255716,-7.9392384101,57.3598510423,False,anomalous_eval_run_6,anomalous_eval,anomalous_eval_run_6.jsonl,52829.90011509465,-8.403586395029064,45.81416911328767,-961.0931895230533,0.4643479849290646,11.545681929012332,32.05432079254388,-992.2735649590564,0.111801684,0.16473532,0.14091518223285676,False,0.7394301205825203,False
44.8272727273,-80.80909090910001,250.0,1970-01-01 00:29:34.545900,51904.6795912722,-7.9418985947,57.3451840023,False,anomalous_eval_run_6,anomalous_eval,anomalous_eval_run_6.jsonl,52831.355229661254,-8.401557836245416,45.82317252537218,-926.6756383890533,0.4596592415454168,11.522011476927823,34.41755113399995,-960.3054460759013,0.111801684,0.16473532,0.14091518223285676,False,0.7129505093829049,False
44.8384615385,-80.7923076923,250.0,1970-01-01 00:29:34.546200,51942.6384139781,-7.9441883635,57.3324918787,False,anomalous_eval_run_6,anomalous_eval,anomalous_eval_run_6.jsonl,52832.81011270967,-8.399528390771357,45.83217418999453,-890.1716987315667,0.45534002727135636,11.500317688705465,36.503939657486626,-925.9801755478911,0.12616543,0.35631892,0.252749852091074,True,0.684865706788406,False
44.8496503497,-80.7755244755,250.0,1970-01-01 00:29:34.546500,51982.3904521972,-7.9461032965000005,57.3218297835,False,anomalous_eval_run_6,anomalous_eval,anomalous_eval_run_6.jsonl,52834.26476416788,-8.397498059168688,45.841174106811465,-851.8743119706778,0.45139476266868783,11.480655676688535,38.29738676088891,-889.5738830304326,0.12616543,0.35631892,0.252749852091074,True,0.6554010912658961,False
44.8608391608,-80.7587412587,250.0,1970-01-01 00:29:34.546800,52023.6289255668,-7.9476396975,57.313244014,False,anomalous_eval_run_6,anomalous_eval,anomalous_eval_run_6.jsonl,52835.71918395398,-8.395466842013995,45.85017227539932,-812.0902583871793,0.44782714451399563,11.463071738600675,39.78405358349846,-851.3787563631413,0.12616543,0.35631892,0.252749852091074,True,0.6247926883980053,False
44.872027972,-80.741958042,250.0,1970-01-01 00:29:34.547100,52066.0355823851,-7.9487946007,57.3067718517,False,anomalous_eval_run_6,anomalous_eval,anomalous_eval_run_6.jsonl,52837.17337201368,-8.393434739842697,45.85916869557584,-771.1377896285849,0.4446401391426962,11.44760315612416,40.95246875859448,-811.7007866621474,0.12616543,0.35631892,0.252749852091074,True,0.5932853494194129,False
44.8832167832,-80.7251748252,250.0,1970-01-01 00:29:34.547400,52109.2831556707,-7.9495657769,57.3024414001,False,anomalous_eval_run_6,anomalous_eval,anomalous_eval_run_6.jsonl,52838.62732826926,-8.391401753227008,45.868163366917486,-729.344172598554,0.4418359763270079,11.434278033182515,41.79361703003087,-770.8574068714394,0.12616543,0.35631892,0.252749852091074,True,0.5611308615747623,False
44.8944055944,-80.7083916084,250.0,1970-01-01 00:29:34.547700,52153.037888796,-7.9499517375,57.3002714632,False,anomalous_eval_run_6,anomalous_eval,anomalous_eval_run_6.jsonl,52840.08105264662,-8.389367882731916,45.877156289081256,-687.0431638506197,0.43941614523191586,11.423115174118742,42.30100874793425,-729.1750420259195,0.12616543,0.35631892,0.252749852091074,True,0.5285860050091161,False
44.9055944056,-80.6916083916,250.0,1970-01-01 00:29:34.548000,52846.962111204,-7.9499517375,57.3002714632,True,anomalous_eval_run_6,anomalous_eval,anomalous_eval_run_6.jsonl,52841.53454507382,-8.387333128920217,45.88614746172421,5.427566130179912,0.4373813914202165,11.414124001475791,692.4707299807997,-470.3199234396646,0.13596262,0.703827,0.44828804209828377,True,0.004175771841750492,False
44.9167832168,-80.6748251748,250.0,1970-01-01 00:29:34.548300,52890.7168443293,-7.9495657769,57.3024414001,True,anomalous_eval_run_6,anomalous_eval,anomalous_eval_run_6.jsonl,52842.98780547888,-8.385297492354917,45.89513688450346,47.729038850418874,0.4357317154549172,11.407304515596543,42.30147272023896,-211.2955196233403,0.13596262,0.703827,0.44828804209828377,True,0.03672098537080153,False
44.927972028,-80.658041958,250.0,1970-01-01 00:29:34.548600,52933.9644176149,-7.9487946007,57.3067718517,True,anomalous_eval_run_6,anomalous_eval,anomalous_eval_run_6.jsonl,52844.44083378986,-8.383260973599214,45.904124557076194,89.52358382504462,0.4344663728992133,11.402647294623804,41.79454497462575,47.56006293521447,0.13596262,0.703827,0.44828804209828377,True,0.06887618714225036,False
44.9391608392,-80.6412587413,250.0,1970-01-01 00:29:34.548900,52976.3710744332,-7.9476396975,57.313244014,True,anomalous_eval_run_6,anomalous_eval,anomalous_eval_run_6.jsonl,52845.89362993272,-8.38122357321892,45.913110479099686,130.4774445004805,0.4335838757189201,11.400133534900313,40.95386067543586,89.24335572531466,0.13596262,0.703827,0.44828804209828377,True,0.10038459701100108,False
44.9503496503,-80.6244755245,250.0,1970-01-01 00:29:34.549200,53017.6095478028,-7.9461032965000005,57.3218297835,True,anomalous_eval_run_6,anomalous_eval,anomalous_eval_run_6.jsonl,52847.346193829806,-8.379185291787417,45.92209465015096,170.26335397299408,0.43308199528741653,11.39973513334904,39.785909472513595,130.08812743283974,0.13596262,0.703827,0.44828804209828377,True,0.13099442773235415,False
44.9615384615,-80.6076923077,250.0,1970-01-01 00:29:34.549500,53057.3615860219,-7.9441883635,57.3324918787,True,anomalous_eval_run_6,anomalous_eval,anomalous_eval_run_6.jsonl,52848.79852542688,-8.377146129841714,45.93107707004799,208.56306059502094,0.4329577663417137,11.401414808652007,38.29970662202686,169.76795302283185,0.13596262,0.703827,0.44828804209828377,True,0.16046082807159115,False
44.9727272727,-80.5909090909,250.0,1970-01-01 00:29:34.549800,52445.3204087278,-7.9418985947,57.3451840023,False,anomalous_eval_run_6,anomalous_eval,anomalous_eval_run_6.jsonl,52850.25062464214,-8.37510608796041,45.94005773836795,-404.9302159143408,0.43320749326040975,11.405126263932054,-613.4932765093617,-8.701267115441928,0.12912607,0.69692063,0.4414130806922913,True,0.31153857049973926,False
44.9839160839,-80.5741258741,250.0,1970-01-01 00:29:34.550100,52481.1930744284,-7.9392384101,57.3598510423,False,anomalous_eval_run_6,anomalous_eval,anomalous_eval_run_6.jsonl,52851.70249140368,-8.3730651667077,45.949036654768335,-370.5094169752774,0.43382675660770076,11.410814387531666,34.42079893906339,-188.95885743153244,0.12912607,0.69692063,0.4414130806922913,True,0.28505646055711353,False
44.9951048951,-80.5573426573,250.0,1970-01-01 00:29:34.550400,52514.7027412337,-7.9362129445,57.3764293109,False,anomalous_eval_run_6,anomalous_eval,anomalous_eval_run_6.jsonl,52853.15412563961,-8.371023366647984,45.95801381890675,-338.4513844059111,0.4348104221479838,11.418415491993251,32.05803256936633,-371.29700576517644,0.12912607,0.69692063,0.4414130806922913,True,0.2603921770653447,False
45.0062937063,-80.5405594406,250.0,1970-01-01 00:29:34.550700,52545.5908033414,-7.9328280378,57.3948468215,False,anomalous_eval_run_6,anomalous_eval,anomalous_eval_run_6.jsonl,52854.60552727596,-8.368980688348287,45.96698923044086,-309.0147239345606,0.4361526505482871,11.427857591059144,29.43666047135048,-339.3251751052497,0.12912607,0.69692063,0.4414130806922913,True,0.23774468185972467,False
45.0174825175,-80.5237762238,250.0,1970-01-01 00:29:34.551000,52573.6188867886,-7.9290902239,57.415023601,False,anomalous_eval_run_6,anomalous_eval,anomalous_eval_run_6.jsonl,52856.05669624501,-8.366937132368541,45.975962889028374,-282.437809456409,0.4378469084685408,11.439060711971628,26.576914478151593,-309.9679725989602,0.12912607,0.69692063,0.4414130806922913,True,0.2172973711394778,False
45.0286713287,-80.506993007,250.0,1970-01-01 00:29:34.551300,52598.5706890661,-7.9250067177,57.436872037,False,anomalous_eval_run_6,anomalous_eval,anomalous_eval_run_6.jsonl,52857.50763247281,-8.36489269927617,45.98493479432708,-258.9369434067048,0.43988598157617087,11.45193724267292,23.5008660497042,-283.46315893255814,0.12912607,0.69692063,0.4414130806922913,True,0.19921666012585595,False
45.0398601399,-80.4902097902,250.0,1970-01-01 00:29:34.551600,52620.2536484012,-7.9205854015,57.4602972588,False,anomalous_eval_run_6,anomalous_eval,anomalous_eval_run_6.jsonl,52858.958335887495,-8.362847389636363,45.993904945994856,-238.70468748629355,0.4422619881363623,11.46639231280514,20.232255920411262,-260.02648011646914,0.118998624,0.31626716,0.22749632038176062,True,0.1836506987831164,False
45.051048951,-80.4734265734,250.0,1970-01-01 00:29:34.551900,52638.5004298239,-7.9158348096,57.4851975484,False,anomalous_eval_run_6,anomalous_eval,anomalous_eval_run_6.jsonl,52860.408806407366,-8.360801204029132,46.00287334360945,-221.90837658346572,0.444966394429132,11.482324204790551,16.796310902827827,-239.8500024921547,0.118998624,0.31626716,0.22749632038176062,True,0.17072822848407826,False
45.0622377622,-80.4566433566,250.0,1970-01-01 00:29:34.552200,52653.1702165491,-7.910764112,57.5114647832,False,anomalous_eval_run_6,anomalous_eval,anomalous_eval_run_6.jsonl,52861.85904398031,-8.358754142990826,46.011839986989195,-208.68882743120776,0.4479900309908258,11.499624796210803,13.219549152257969,-223.10063050032235,0.118998624,0.31626716,0.22749632038176062,True,0.1605575884980104,False
45.0734265734,-80.4398601399,250.0,1970-01-01 00:29:34.552500,52664.149796709,-7.9053830964,57.5389849046,False,anomalous_eval_run_6,anomalous_eval,anomalous_eval_run_6.jsonl,52863.30904852257,-8.356706207104304,46.02080487571197,-199.1592518135658,0.45132311070430475,11.518180028888032,9.529575617641967,-209.91881860941308,0.118998624,0.31626716,0.22749632038176062,True,0.15322587985116204,False
45.0846153846,-80.4230769231,250.0,1970-01-01 00:29:34.552800,52671.354437049,-7.8997021496,57.567638414,False,anomalous_eval_run_6,anomalous_eval,anomalous_eval_run_6.jsonl,52864.758819966446,-8.35465739693064,46.029768009435884,-193.40438291744795,0.4549552473306404,11.537870404564117,5.754868896117841,-200.41748738740716,0.118998624,0.31626716,0.22749632038176062,True,0.14879829317363627,False
45.0958041958,-80.4062937063,250.0,1970-01-01 00:29:34.553100,52674.7285368433,-7.8937322375,57.5973008911,False,anomalous_eval_run_6,anomalous_eval,anomalous_eval_run_6.jsonl,52866.20835823808,-8.352607713038472,46.03872938781917,-191.47982139477972,0.45887547553847163,11.558571503280831,1.9245615226682276,-194.68115204193114,0.118998624,0.31626716,0.22749632038176062,True,0.14731760558341284,False
45.106993007,-80.3895104895,250.0,1970-01-01 00:29:34.553400,52674.2460569852,-7.8874848835,57.6278435348,False,anomalous_eval_run_6,anomalous_eval,anomalous_eval_run_6.jsonl,52867.65766326565,-8.350557155994172,46.04768901052003,-193.41160628045327,0.4630722724941725,11.580154524279969,-1.9317848856735509,-192.7652701975603,0.104938306,0.115271665,0.11062165349721909,False,0.1488038505662349,False
45.1181818182,-80.3727272727,250.0,1970-01-01 00:29:34.553700,52669.9107209405,-7.8809721468,57.6591337216,False,anomalous_eval_run_6,anomalous_eval,anomalous_eval_run_6.jsonl,52869.106734977395,-8.348505726364323,46.05664687719685,-199.1960140368974,0.4675335795643232,11.602486844403153,-5.784407756444125,-194.69581390404346,0.104938306,0.115271665,0.11062165349721909,False,0.15325416336781505,False
45.1293706294,-80.3559440559,250.0,1970-01-01 00:29:34.554000,52661.7559860114,-7.8742065986,57.6910355824,False,anomalous_eval_run_6,anomalous_eval,anomalous_eval_run_6.jsonl,52870.5555733015,-8.346453424715692,46.06560298750798,-208.79958729010104,0.47224682611569246,11.625432594892018,-9.603573253203649,-200.4690692024839,0.104938306,0.115271665,0.11062165349721909,False,0.16064280310228599,False
45.1405594406,-80.3391608392,250.0,1970-01-01 00:29:34.554300,52649.8447851356,-7.8672012983,57.7234105919,False,anomalous_eval_run_6,anomalous_eval,anomalous_eval_run_6.jsonl,52872.004178164156,-8.344400251617735,46.07455734111189,-222.15939302855259,0.47719895331773454,11.648853250788108,-13.359805738451541,-210.05166478518368,0.104938306,0.115271665,0.11062165349721909,False,0.1709213514010671,False
45.1517482517,-80.3223776224,250.0,1970-01-01 00:29:34.554600,52634.2690412102,-7.8599697679,57.7561181704,False,anomalous_eval_run_6,anomalous_eval,anomalous_eval_run_6.jsonl,52873.45254948788,-8.342346207647296,46.08350993758711,-239.18350827768154,0.4823764397472958,11.672608232812891,-17.024115249128954,-223.38082953211173,0.104938306,0.115271665,0.11062165349721909,False,0.1840190860731035,False
45.1629370629,-80.3055944056,250.0,1970-01-01 00:29:34.554900,52615.148957691,-7.8525259664,57.7890162939,False,anomalous_eval_run_6,anomalous_eval,anomalous_eval_run_6.jsonl,52874.90068721855,-8.340291293344947,46.092460776752255,-259.75172952754656,0.4877653269449471,11.696555517147743,-20.56822124986502,-240.36487694459356,0.104938306,0.115271665,0.11062165349721909,False,0.19984352691270932,False
45.1741258741,-80.2888111888,250.0,1970-01-01 00:29:34.555200,52592.6320909405,-7.8448842622,57.8219621112,False,anomalous_eval_run_6,anomalous_eval,anomalous_eval_run_6.jsonl,52876.34859127456,-8.338235509292886,46.10140985818596,-283.7165003340633,0.49335124709288625,11.720552253014041,-23.964770806516754,-260.8839127130971,0.0954013,0.1465623,0.12353984713554383,False,0.218281149362192,False
45.1853146853,-80.272027972,250.0,1970-01-01 00:29:34.555500,52566.8922114834,-7.8370594058,57.8548125639,False,anomalous_eval_run_6,anomalous_eval,anomalous_eval_run_6.jsonl,52877.796261584204,-8.336178856058869,46.11035718154696,-310.90405010080576,0.4991194502588687,11.744455382353038,-27.18754976674245,-284.79075998747186,0.0954013,0.1465623,0.12353984713554383,False,0.23919826064912347,False
45.1965034965,-80.2552447552,250.0,1970-01-01 00:29:34.555800,52538.1279629594,-7.8290665014,57.8874250079,False,anomalous_eval_run_6,anomalous_eval,anomalous_eval_run_6.jsonl,52879.24369807574,-8.334121334210849,46.11930274649406,-341.11573511634197,0.5050548328108491,11.768122261405942,-30.211685015536204,-311.912095183737,0.0954013,0.1465623,0.12353984713554383,False,0.2624420315316589,False
45.2076923077,-80.2384615385,250.0,1970-01-01 00:29:34.556100,52506.5613291204,-7.8209209774,57.9196578321,False,anomalous_eval_run_6,anomalous_eval,anomalous_eval_run_6.jsonl,52880.69090067541,-8.33206294431948,46.12824655268609,-374.1295715550077,0.5111419669194799,11.791411279413907,-33.01383643866575,-342.0497855907185,0.0954013,0.1465623,0.12353984713554383,False,0.2878416757335375,False
45.2188811189,-80.2216783217,250.0,1970-01-01 00:29:34.556400,52472.4359207046,-7.8126385569,57.9513710744,False,anomalous_eval_run_6,anomalous_eval,anomalous_eval_run_6.jsonl,52882.137869315615,-8.33000368694811,46.137188599782,-409.7019486110148,0.5173651300481108,11.814182474618,-35.5723770560071,-374.98241842745483,0.0954013,0.1465623,0.12353984713554383,False,0.3152097679671151,False
45.2300699301,-80.2048951049,250.0,1970-01-01 00:29:34.556700,52436.0150954073,-7.804235227,57.9824270285,False,anomalous_eval_run_6,anomalous_eval,anomalous_eval_run_6.jsonl,52883.58460392262,-8.32794356266778,46.14612888744079,-447.5695085153202,0.5237083356677799,11.83629814105921,-37.86755990430538,-410.4670095604476,0.0954013,0.1465623,0.12353984713554383,False,0.3443436903499193,False
45.2412587413,-80.1881118881,250.0,1970-01-01 00:29:34.557000,52397.5799254575,-7.7957272087,58.0126908422,False,anomalous_eval_run_6,anomalous_eval,anomalous_eval_run_6.jsonl,52885.03110442473,-8.32588257204723,46.155067415321504,-487.45117896722513,0.5301553633472293,11.857623426878497,-39.88167045190494,-448.24087869785336,0.090715036,0.1978811,0.14965637251734734,False,0.3750271960835504,False
45.2524475524,-80.1713286713,250.0,1970-01-01 00:29:34.557300,52357.4270284854,-7.7871309244999996,58.042031103,False,anomalous_eval_run_6,anomalous_eval,anomalous_eval_run_6.jsonl,52886.47737074045,-8.323820715670049,46.164004183003435,-529.0503422550537,0.5366897911700494,11.878026919996564,-41.59916328782856,-488.0236765791997,0.090715036,0.1978811,0.14965637251734734,False,0.4070320782961854,False
45.2636363636,-80.1545454545,250.0,1970-01-01 00:29:34.557600,52315.8662784207,-7.7784629677,58.0703204087,False,anomalous_eval_run_6,anomalous_eval,anomalous_eval_run_6.jsonl,52887.923402817774,-8.32175799407606,46.172939190305506,-572.0571243970771,0.5432950263760601,11.897381218394493,-43.00678214202344,-529.5195485397853,0.090715036,0.1978811,0.14965637251734734,False,0.4401199312242909,False
45.2748251748,-80.1377622378,250.0,1970-01-01 00:29:34.557900,52273.218414087,-7.7697400696,58.0974359207,False,anomalous_eval_run_6,anomalous_eval,anomalous_eval_run_6.jsonl,52889.36920057314,-8.319694407851767,46.18187243680709,-616.1507864861414,0.5499543382517667,11.91556348389291,-44.09366208906431,-572.4194177127574,0.090715036,0.1978811,0.14965637251734734,False,0.4740439900261451,False
45.286013986,-80.120979021,250.0,1970-01-01 00:29:34.558200,52229.8125639483,-7.760979068,58.1232598971,False,anomalous_eval_run_6,anomalous_eval,anomalous_eval_run_6.jsonl,52890.814763939066,-8.317629957561644,46.190803922167554,-661.0021999907694,0.5566508895616442,11.932455974932445,-44.851413504628,-616.4033702913293,0.090715036,0.1978811,0.14965637251734734,False,0.5085510351884166,False
45.2972027972,-80.1041958042,250.0,1970-01-01 00:29:34.558500,52185.9837061099,-7.7521968738,58.1476802042,False,anomalous_eval_run_6,anomalous_eval,anomalous_eval_run_6.jsonl,52892.26009284181,-8.315564643777936,46.19973364604626,-706.2763867319081,0.563367769977936,11.947946558153738,-45.27418674113869,-661.1431244029396,0.090715036,0.1978811,0.14965637251734734,False,0.5433833466918296,False
45.3083916084,-80.0874125874,250.0,1970-01-01 00:29:34.558800,52142.0700831754,-7.743410439,58.1705908033,False,anomalous_eval_run_6,anomalous_eval,anomalous_eval_run_6.jsonl,52893.70518720978,-8.313498467070545,46.2086616081027,-751.6351040343798,0.5700880280705451,11.9619291951973,-45.35871730247163,-706.3045635856857,0.08845686,0.21992576,0.16076475642621518,False,0.5782806929326028,False
45.3195804196,-80.0706293706,250.0,1970-01-01 00:29:34.559100,52098.41059191,-7.7346367238,58.1918922115,False,anomalous_eval_run_6,anomalous_eval,anomalous_eval_run_6.jsonl,52895.15004697135,-8.311431428009588,46.21758780799639,-796.7394550613535,0.576794704209588,11.97430440350361,-45.104351026973745,-751.5503152758805,0.08845686,0.21992576,0.16076475642621518,False,0.6129823390187876,False
45.3307692308,-80.0538461538,250.0,1970-01-01 00:29:34.559400,52055.3421678562,-7.7258926639,58.2114919329,False,anomalous_eval_run_6,anomalous_eval,anomalous_eval_run_6.jsonl,52896.59467205491,-8.309363527165356,46.22651224538694,-841.2525041987101,0.5834708632653562,11.98497968751306,-44.513049137356575,-796.5423544314812,0.08845686,0.21992576,0.16076475642621518,False,0.64722905895181,False
45.341958042,-80.0370629371,250.0,1970-01-01 00:29:34.559700,52013.1971850844,-7.7171951377,58.2293048612,False,anomalous_eval_run_6,anomalous_eval,anomalous_eval_run_6.jsonl,52898.039062386815,-8.307294765110903,46.23543491993402,-884.8418773024168,0.5900996274109032,11.993869941265977,-43.58937310370675,-840.9446121874935,0.08845686,0.21992576,0.16076475642621518,False,0.6807651361621638,False
45.3531468531,-80.0202797203,250.0,1970-01-01 00:29:34.560000,51972.3008911459,-7.7085609336,58.2452536484,False,anomalous_eval_run_6,anomalous_eval,anomalous_eval_run_6.jsonl,52899.483217889785,-8.305225142426503,46.244355831217625,-927.1823267438886,0.5966642088265024,12.000897817182377,-42.34044944147172,-884.4255694150052,0.08845686,0.21992576,0.16076475642621518,False,0.7133403369619553,False
45.3643356643,-80.0034965035,250.0,1970-01-01 00:29:34.560300,51932.9688970244,-7.7000067181,58.2592690412,False,anomalous_eval_run_6,anomalous_eval,anomalous_eval_run_6.jsonl,52900.9271385098,-8.303154659656231,46.253274979057046,-967.9582414854012,0.6031479415562311,12.005994062142953,-40.77591474151268,-926.6608151772356,0.08845686,0.21992576,0.16076475642621518,False,0.7447118417055711,False
45.3755244755,-79.9867132867,250.0,1970-01-01 00:29:34.560600,51895.5047414556,-7.6915490031000004,58.2712901816,False,anomalous_eval_run_6,anomalous_eval,anomalous_eval_run_6.jsonl,52902.370824165504,-8.301083317385848,46.26219236303238,-1006.8660827099011,0.6095343142858471,12.009097818567618,-38.90784122449986,-967.3355503130637,0.08840224,0.19372189,0.14632804840803149,False,0.7746461186746073,False
45.3867132867,-79.9699300699,250.0,1970-01-01 00:29:34.560900,51860.1975484125,-7.6832041142000005,58.2812648709,False,anomalous_eval_run_6,anomalous_eval,anomalous_eval_run_6.jsonl,52903.81427478531,-8.299011116186623,46.2711079828036,-1043.616726372813,0.6158070019866226,12.010156888096404,-36.7506436629119,-1006.1470168560385,0.08840224,0.19372189,0.14632804840803149,False,0.8029207263519728,False
45.3979020979,-79.9531468531,250.0,1970-01-01 00:29:34.561200,51827.3197958351,-7.6749881593,58.2891497967,False,anomalous_eval_run_6,anomalous_eval,anomalous_eval_run_6.jsonl,52905.25749029771,-8.296938056630022,46.280021838030684,-1077.9376944626056,0.6219498973300226,12.009127958669318,-34.320968089792586,-1042.8068345151066,0.08840224,0.19372189,0.14632804840803149,False,0.82932603007256,False
45.4090909091,-79.9363636364,250.0,1970-01-01 00:29:34.561500,51797.1252128229,-7.6669169973999995,58.2949107209,False,anomalous_eval_run_6,anomalous_eval,anomalous_eval_run_6.jsonl,52906.70047062907,-8.294864139290288,46.2889339283737,-1109.5752578061656,0.6279471418902887,12.005976792526297,-31.637563343560032,-1077.0432262138613,0.08840224,0.19372189,0.14632804840803149,False,0.8536668198451678,False
45.4202797203,-79.9195804196,250.0,1970-01-01 00:29:34.561800,51769.8468215185,-7.659006208,58.2985226283,False,anomalous_eval_run_6,anomalous_eval,anomalous_eval_run_6.jsonl,52908.14321571199,-8.292789364734128,46.297844253492805,-1138.296394193494,0.6337831567341281,12.000678374807194,-28.721136387328443,-1108.6031154874217,0.08840224,0.19372189,0.14632804840803149,False,0.8757638168623753,False
45.4314685315,-79.9027972028,250.0,1970-01-01 00:29:34.562100,51745.6951387949,-7.6512710612,58.299969835,False,anomalous_eval_run_6,anomalous_eval,anomalous_eval_run_6.jsonl,52909.58572547293,-8.290713733536167,46.30675281304819,-1163.890586678026,0.639442672336167,11.993217021951807,-25.59419248453196,-1137.2540795592286,0.08840224,0.19372189,0.14632804840803149,False,0.8954550570473582,False
45.4426573427,-79.886013986,250.0,1970-01-01 00:29:34.562400,51724.8565516228,-7.6437264877,58.299246057,False,anomalous_eval_run_6,anomalous_eval,anomalous_eval_run_6.jsonl,52911.02799984034,-8.288637246268646,46.315659606700144,-1186.1714482175448,0.6449107585686455,11.983586450299853,-22.28086153951881,-1162.7861430296882,0.08728003,0.18169615,0.1392088931053877,False,0.9125971409934786,False
45.4538461538,-79.8692307692,250.0,1970-01-01 00:29:34.562700,51707.4918786573,-7.6363870507,58.296354437,False,anomalous_eval_run_6,anomalous_eval,anomalous_eval_run_6.jsonl,52912.47003873294,-8.286559903518691,46.3245646340294,-1204.9781600756396,0.6501728528186916,11.971789802970598,-18.806711858094786,-1185.0133983237367,0.08728003,0.18169615,0.1392088931053877,False,0.9270663406180153,False
45.465034965,-79.8524475524,250.0,1970-01-01 00:29:34.563000,51693.7351291445,-7.6292669171,58.2913075313,False,anomalous_eval_run_6,anomalous_eval,anomalous_eval_run_6.jsonl,52913.91184209885,-8.28448170582955,46.33346789485557,-1220.1767129543514,0.655214788729551,11.957839636444426,-15.19855287871178,-1203.7754404158452,0.08728003,0.18169615,0.1392088931053877,False,0.9387595540444497,False
45.4762237762,-79.8356643357,250.0,1970-01-01 00:29:34.563300,51683.692468725,-7.6223798309,58.2841272545,False,anomalous_eval_run_6,anomalous_eval,anomalous_eval_run_6.jsonl,52915.353409854724,-8.282402653791332,46.34236938875952,-1231.660941129725,0.6600228228913316,11.941757865740477,-11.484228175373573,-1218.9386047199052,0.08728003,0.18169615,0.1392088931053877,False,0.9475951012287219,False
45.4874125874,-79.8188811189,250.0,1970-01-01 00:29:34.563600,51677.4414001168,-7.615739086,58.2748447851,False,anomalous_eval_run_6,anomalous_eval,anomalous_eval_run_6.jsonl,52916.79474193321,-8.280322747971868,46.3512691154018,-1239.3533418164152,0.6645836619718679,11.923575669698202,-7.692400686690235,-1230.396998633497,0.08728003,0.18169615,0.1392088931053877,False,0.9535133543485377,False
45.4986013986,-79.8020979021,250.0,1970-01-01 00:29:34.563900,51675.0301649994,-7.6093575006,58.2635004298,False,anomalous_eval_run_6,anomalous_eval,anomalous_eval_run_6.jsonl,52918.2358382608,-8.278241988946956,46.360167074443005,-1243.2056732614,0.668884488346956,11.903333355356992,-3.852331444984884,-1238.0733187358467,0.08728003,0.18169615,0.1392088931053877,False,0.9564771979549028,False
45.5097902098,-79.7853146853,250.0,1970-01-01 00:29:34.564200,51676.4773717165,-7.6032473932,58.2501434484,False,anomalous_eval_run_6,anomalous_eval,anomalous_eval_run_6.jsonl,52919.676698766045,-8.276160377289996,46.369063265543815,-1243.199327049544,0.6729129840899954,11.881080182856188,0.006346211855998263,-1241.9194473757864,0.08637024,0.17480554,0.1350096520036459,False,0.9564723154104742,False
45.520979021,-79.7685314685,250.0,1970-01-01 00:29:34.564500,51681.7718516683,-7.5974205576,58.2348318399,False,anomalous_eval_run_6,anomalous_eval,anomalous_eval_run_6.jsonl,52921.117323377504,-8.274077913574587,46.377957688365,-1239.3454717092027,0.6766573559745872,11.856874151534996,3.853855340341397,-1241.9168240067156,0.08637024,0.17480554,0.1350096520036459,False,0.9535072993744846,False
45.5321678322,-79.7517482517,250.0,1970-01-01 00:29:34.564800,51690.872745504,-7.5918882414999995,58.2176320909,False,anomalous_eval_run_6,anomalous_eval,anomalous_eval_run_6.jsonl,52922.55771202375,-8.271994598374507,46.38685034256734,-1231.6849665197515,0.6801063568745072,11.830781748332655,7.660505189451214,-1238.0765884261662,0.08637024,0.17480554,0.1350096520036459,False,0.947613585489393,False
45.5433566434,-79.734965035,250.0,1970-01-01 00:29:34.565100,51703.7098184473,-7.5866611235,58.1986188868,False,anomalous_eval_run_6,anomalous_eval,anomalous_eval_run_6.jsonl,52923.99786463131,-8.269910432266355,46.395741227811726,-1220.2880461840105,0.6832493087663556,11.802877658988272,11.396920335741015,-1230.4394948043216,0.08637024,0.17480554,0.1350096520036459,False,0.9388452097793244,False
45.5545454545,-79.7181818182,250.0,1970-01-01 00:29:34.565400,51720.1840023227,-7.5817492934,58.1778747872,False,anomalous_eval_run_6,anomalous_eval,anomalous_eval_run_6.jsonl,52925.43778112311,-8.267825415833789,46.40463034367967,-1205.253778800412,0.6860761224337892,11.773244443520326,15.03426738359849,-1219.075597168058,0.08637024,0.17480554,0.1350096520036459,False,0.9272783916335826,False
45.5657342657,-79.7013986014,250.0,1970-01-01 00:29:34.565700,51740.1681600998,-7.5771622325,58.1554898678,False,anomalous_eval_run_6,anomalous_eval,anomalous_eval_run_6.jsonl,52926.87746144524,-8.265739549624358,46.41351768999108,-1186.7093013454432,0.6885773171243583,11.741972177808918,18.544477454968728,-1204.083708776622,0.08637024,0.17480554,0.1350096520036459,False,0.9130109456146672,False
45.5769230769,-79.6846153846,250.0,1970-01-01 00:29:34.566000,51763.5080670532,-7.5729087949,58.1315613291,False,anomalous_eval_run_6,anomalous_eval,anomalous_eval_run_6.jsonl,52928.316905516556,-8.263652834227326,46.42240326632758,-1164.8088384633593,0.6907440393273259,11.709158062772424,21.900462882083957,-1185.5906395364048,0.08501777,0.19246146,0.14411180019378664,False,0.89616152655079,False
45.5881118881,-79.6678321678,250.0,1970-01-01 00:29:34.566300,51790.0236009694,-7.5689971909,58.1061930744,False,anomalous_eval_run_6,anomalous_eval,anomalous_eval_run_6.jsonl,52929.75611326567,-8.261565270217439,46.43128707235032,-1139.732512296272,0.6925680793174385,11.674906002049674,25.076326167087245,-1163.750217368358,0.08501777,0.19246146,0.14411180019378664,False,0.876868713862462,False
45.5993006993,-79.651048951,250.0,1970-01-01 00:29:34.566600,51819.5101322124,-7.565434971,58.0794952585,False,anomalous_eval_run_6,anomalous_eval,anomalous_eval_run_6.jsonl,52931.19508462121,-8.259476858169636,46.440169107720514,-1111.6849524088102,0.6940418871696359,11.639326150779489,28.04755988746183,-1138.7421010561472,0.08501777,0.19246146,0.14411180019378664,False,0.85528994208912,False
45.6104895105,-79.6342657343,250.0,1970-01-01 00:29:34.566900,51851.7401029224,-7.5622290112,58.0515838096,False,anomalous_eval_run_6,anomalous_eval,anomalous_eval_run_6.jsonl,52932.63381950975,-8.25738759866168,46.449049372099445,-1080.8937165873504,0.6951585874616795,11.602534437500552,30.79123582145985,-1110.7703937641443,0.08501777,0.19246146,0.14411180019378664,False,0.8316002859095297,False
45.6216783217,-79.6174825175,250.0,1970-01-01 00:29:34.567200,51886.4647831587,-7.5593854999,58.0225799255,False,anomalous_eval_run_6,anomalous_eval,anomalous_eval_run_6.jsonl,52934.07231786408,-8.255297492263626,46.457927865148484,-1047.6075347053775,0.6959119923636257,11.564652060351513,33.28618188197288,-1080.0620679005126,0.08501777,0.19246146,0.14411180019378664,False,0.8059911090357106,False
45.6328671329,-79.6006993007,250.0,1970-01-01 00:29:34.567500,51923.4161904362,-7.5569099258,57.9926095478,False,anomalous_eval_run_6,anomalous_eval,anomalous_eval_run_6.jsonl,52935.51057961078,-8.253206539553615,46.46680458652903,-1012.0943891745846,0.6962966137536144,11.525804961270971,35.513145530792826,-1046.8652134891042,0.08501777,0.19246146,0.14411180019378664,False,0.7786685873818737,False
45.6440559441,-79.5839160839,250.0,1970-01-01 00:29:34.567800,51962.3091578395,-7.5548070675,57.9618028149,False,anomalous_eval_run_6,anomalous_eval,anomalous_eval_run_6.jsonl,52936.94860467854,-8.251114741107353,46.475679535902565,-974.6394468390354,0.696307673607353,11.486123278997432,37.454942335549276,-1011.4471235729992,0.082684584,0.22495095,0.16093108765780928,False,0.7498521179390609,False
45.6552447552,-79.5671328671,250.0,1970-01-01 00:29:34.568100,52002.8435347553,-7.553080984,57.9302934968,False,anomalous_eval_run_6,anomalous_eval,anomalous_eval_run_6.jsonl,52938.38639298627,-8.249022097515462,46.484552712851375,-935.5428582309687,0.6959411135154623,11.445740783948622,39.09658860806667,-974.0922314148629,0.082684584,0.22495095,0.16093108765780928,False,0.7197726256026578,False
45.6664335664,-79.5503496503,250.0,1970-01-01 00:29:34.568400,52044.7065032402,-7.5517350071,57.8982184141,False,anomalous_eval_run_6,anomalous_eval,anomalous_eval_run_6.jsonl,52939.82394448219,-8.246928609324568,46.493424117195666,-895.117441241986,0.6951936022245686,11.404794296904335,40.42541698898276,-935.09991543733,0.082684584,0.22495095,0.16093108765780928,False,0.6886707810733088,False
45.6776223776,-79.5335664336,250.0,1970-01-01 00:29:34.568700,52087.5749921455,-7.5507717349,57.8657168443,False,anomalous_eval_run_6,anomalous_eval,anomalous_eval_run_6.jsonl,52941.26125908317,-8.24483427712833,46.50229374851782,-853.6862669376715,0.6940625422283304,11.363423095782181,41.43117430431448,-894.782188803542,0.082684584,0.22495095,0.16093108765780928,False,0.6567951434705518,False
45.6888111888,-79.5167832168,250.0,1970-01-01 00:29:34.569000,52131.1181703701,-7.5501930269,57.8329299168,False,anomalous_eval_run_6,anomalous_eval,anomalous_eval_run_6.jsonl,52942.69833672204,-8.242739101497904,46.511161606479604,-811.5801663519378,0.692546074597904,11.321768310320394,42.10610058573366,-853.4612915105317,0.082684584,0.22495095,0.16093108765780928,False,0.6244002421511289,False
45.7,-79.5,250.0,1970-01-01 00:29:34.569300,52175.0,-7.55,57.8,False,anomalous_eval_run_6,anomalous_eval,anomalous_eval_run_6.jsonl,52944.13517732547,-8.2406430830126,46.52002769074283,-769.1351773254719,0.6906430830126,11.279972309257168,42.44498902646592,-811.4672035383604,0.082684584,0.22495095,0.16093108765780928,False,0.5917446123994099,False
44.28,-82.12,500.0,1970-01-01 00:29:34.569600,52210.0,-7.5,57.76,False,anomalous_eval_run_7,anomalous_eval,anomalous_eval_run_7_fallback.jsonl,52749.25257062373,-8.510114003190232,45.38075223457572,-539.2525706237284,1.0101140031902318,12.379247765424275,229.8826067017435,-706.6559714337127,0.10267567,0.23468105,0.17527863122522833,False,0.4148813014881666,False
44.2911888112,-82.1032167832,500.0,1970-01-01 00:29:34.569900,52253.8818296299,-7.5001930269,57.7929299168,False,anomalous_eval_run_7,anomalous_eval,anomalous_eval_run_7_fallback.jsonl,52750.71911852611,-8.508147905963986,45.389838968405535,-496.83728889621125,1.0079548790639858,12.403090948394464,42.41528172751714,-601.7416789484705,0.10267567,0.23468105,0.17527863122522833,False,0.3822485274510478,False
44.3023776224,-82.0864335664,500.0,1970-01-01 00:29:34.570200,52297.4250078545,-7.5007717349,57.8257168443,False,anomalous_eval_run_7,anomalous_eval,anomalous_eval_run_7_fallback.jsonl,52752.185439243956,-8.50618088596231,45.398923971298316,-454.76043138945533,1.0054091510623104,12.42679287300168,42.076857506755914,-496.9500969697983,0.10267567,0.23468105,0.17527863122522833,False,0.3498761246922748,False
44.3135664336,-82.0696503497,500.0,1970-01-01 00:29:34.570500,52340.2934967598,-7.5017350071,57.8582184141,False,anomalous_eval_run_7,anomalous_eval,anomalous_eval_run_7_fallback.jsonl,52753.65153270265,-8.504212943735626,45.40800724290762,-413.35803594285244,1.0024779366356258,12.450211171192379,41.402395446602895,-454.985252076173,0.10267567,0.23468105,0.17527863122522833,False,0.3180226284952211,False
44.3247552448,-82.0528671329,500.0,1970-01-01 00:29:34.570800,52382.1564652447,-7.503080984,57.8902934968,False,anomalous_eval_run_7,anomalous_eval,anomalous_eval_run_7_fallback.jsonl,52755.117398833856,-8.502244079828367,45.41708878288707,-372.96093358915823,0.9991630958283668,12.473204713912928,40.39710235369421,-413.69313364048867,0.10267567,0.23468105,0.17527863122522833,False,0.2869425682157387,False
44.3359440559,-82.0360839161,500.0,1970-01-01 00:29:34.571100,52422.6908421605,-7.5048070675,57.9218028149,False,anomalous_eval_run_7,anomalous_eval,anomalous_eval_run_7_fallback.jsonl,52756.583037553,-8.500274294805868,45.42616859080917,-333.8921953925019,0.995467227305868,12.495634224090828,39.06873819665634,-373.4037216415042,0.10267567,0.23468105,0.17527863122522833,False,0.2568845029722459,False
44.3471328671,-82.0193006993,500.0,1970-01-01 00:29:34.571400,52461.5838095638,-7.5069099258000005,57.9526095478,False,anomalous_eval_run_7,anomalous_eval,anomalous_eval_run_7_fallback.jsonl,52758.048448807596,-8.498303589188122,45.43524666648999,-296.4646392437935,0.9913936633881217,12.517362881310014,37.42755614870839,-334.4392560751512,0.101732664,0.19198543,0.15137168429791928,False,0.22808910346485542,False
44.3583216783,-82.0025174825,500.0,1970-01-01 00:29:34.571700,52498.5352168413,-7.5093854999000005,57.9825799255,False,anomalous_eval_run_7,anomalous_eval,anomalous_eval_run_7_fallback.jsonl,52759.51363251515,-8.496331963538815,45.44432300950216,-260.97841567384603,0.9869464636388141,12.538256915997835,35.48622356994747,-297.1117501033805,0.101732664,0.19198543,0.15137168429791928,False,0.20078729458785563,False
44.3695104895,-81.9857342657,500.0,1970-01-01 00:29:34.572000,52533.2598970776,-7.5122290112,58.0115838096,False,anomalous_eval_run_7,anomalous_eval,anomalous_eval_run_7_fallback.jsonl,52760.97858860322,-8.494359418407347,45.45339761949957,-227.71869152561703,0.9821304072073476,12.558186190100429,33.259724148229,-261.72058214775217,0.101732664,0.19198543,0.15137168429791928,False,0.17519847333143737,False
44.3806993007,-81.968951049,500.0,1970-01-01 00:29:34.572300,52565.4898677876,-7.515434971,58.0394952585,False,anomalous_eval_run_7,anomalous_eval,anomalous_eval_run_7_fallback.jsonl,52762.44331699725,-8.492385954345417,45.46247049613615,-196.95344920965,0.9769509833454171,12.577024762363848,30.765242315967043,-228.55018546970436,0.101732664,0.19198543,0.15137168429791928,False,0.15152881560892753,False
44.3918881119,-81.9521678322,500.0,1970-01-01 00:29:34.572600,52594.9763990306,-7.5189971909,58.0661930744,False,anomalous_eval_run_7,anomalous_eval,anomalous_eval_run_7_fallback.jsonl,52763.907817628955,-8.49041157189867,45.47154163906592,-168.93141859835305,0.9714143809986702,12.594651435334079,28.02203061129694,-197.8678531112067,0.101732664,0.19198543,0.15137168429791928,False,0.12996968513151677,False
44.4030769231,-81.9353846154,500.0,1970-01-01 00:29:34.572900,52621.4919329468,-7.5229087949,58.0915613291,False,anomalous_eval_run_7,anomalous_eval,anomalous_eval_run_7_fallback.jsonl,52765.372090423814,-8.488436271619214,45.480611047942936,-143.88015747701138,0.9655274767192141,12.610950281157066,25.051261121341668,-169.92167509500482,0.101732664,0.19198543,0.15137168429791928,False,0.1106961565771314,False
44.4142657343,-81.9186013986,500.0,1970-01-01 00:29:34.573200,52644.8318399002,-7.5271622325,58.1154898678,False,anomalous_eval_run_7,anomalous_eval,anomalous_eval_run_7_fallback.jsonl,52766.83613530939,-8.48646005405729,45.489678722421345,-122.0042954091914,0.9592978215572892,12.625811145378655,21.87586206781998,-144.93862382818529,0.103112124,0.15428191,0.13125550858676432,False,0.09386566448439068,False
44.4254545455,-81.9018181818,500.0,1970-01-01 00:29:34.573500,52664.8159976773,-7.5317492934,58.1378747872,False,anomalous_eval_run_7,anomalous_eval,anomalous_eval_run_7_fallback.jsonl,52768.29995221329,-8.48448291976333,45.49874466215536,-103.48395453598641,0.9527336263633304,12.639130125044638,18.520340873204987,-123.12280247406306,0.103112124,0.15428191,0.13125550858676432,False,0.07961678827302214,False
44.4366433566,-81.885034965,500.0,1970-01-01 00:29:34.573800,52681.2901815527,-7.5366611235,58.1586188868,False,anomalous_eval_run_7,anomalous_eval,anomalous_eval_run_7_fallback.jsonl,52769.7635410531,-8.482504869302511,45.507808866718236,-88.47335950039997,0.9458437458025113,12.650810020081764,15.010595035586448,-104.65386981519259,0.103112124,0.15428191,0.13125550858676432,False,0.06806818277027465,False
44.4478321678,-81.8682517483,500.0,1970-01-01 00:29:34.574100,52694.127254496,-7.5418882415,58.1776320909,False,anomalous_eval_run_7,anomalous_eval,anomalous_eval_run_7_fallback.jsonl,52771.2269017743,-8.480525903198771,45.51687133592633,-77.09964727830084,0.9386376616987713,12.660760754973666,11.37371222209913,-89.6856537715624,0.103112124,0.15428191,0.13125550858676432,False,0.0593176625381719,False
44.459020979,-81.8514685315,500.0,1970-01-01 00:29:34.574400,52703.2281483317,-7.5474205576,58.1948318399,False,anomalous_eval_run_7,anomalous_eval,anomalous_eval_run_7_fallback.jsonl,52772.69003429868,-8.478546022013465,45.52593206935305,-69.46188596697903,0.9311254644134648,12.66889977054695,7.63776131132181,-78.34496424855995,0.103112124,0.15428191,0.13125550858676432,False,0.053441446965139035,False
44.4702097902,-81.8346853147,500.0,1970-01-01 00:29:34.574700,52708.5226282835,-7.5532473932,58.2101434484,False,anomalous_eval_run_7,anomalous_eval,anomalous_eval_run_7_fallback.jsonl,52774.152938551764,-8.47656522629998,45.534991066652836,-65.63031026826502,0.9233178330999801,12.67515238174716,3.831575698714005,-70.73061450451496,0.103112124,0.15428191,0.13125550858676432,False,0.05049357207453958,False
44.4813986014,-81.8179020979,500.0,1970-01-01 00:29:34.575000,52709.9698350006,-7.5593575006,58.2235004298,False,anomalous_eval_run_7,anomalous_eval,anomalous_eval_run_7_fallback.jsonl,52775.615614461196,-8.47458351660979,45.54404832748025,-65.6457794605958,0.9152260160097905,12.67945210231975,-0.015469192330783699,-66.91265856527995,0.10269484,0.1551155,0.13152620270848275,False,0.050505473508110396,False
44.4925874126,-81.8011188811,500.0,1970-01-01 00:29:34.575300,52707.5585998832,-7.565739086,58.2348447851,False,anomalous_eval_run_7,anomalous_eval,anomalous_eval_run_7_fallback.jsonl,52777.078061954606,-8.47260089349459,45.55310385148987,-69.51946207140281,0.9068618074945904,12.68174093361013,-3.873682610807009,-66.93185060008788,0.10269484,0.1551155,0.13152620270848275,False,0.05348574392437343,False
44.5037762238,-81.7843356643,500.0,1970-01-01 00:29:34.575600,52701.307531275,-7.5723798309,58.2441272545,False,anomalous_eval_run_7,anomalous_eval,anomalous_eval_run_7_fallback.jsonl,52778.54028095963,-8.470617357506276,45.56215763833639,-77.23274968462647,0.8982375266062759,12.681969616163613,-7.713287613223656,-70.7993304055417,0.10269484,0.1551155,0.13152620270848275,False,0.05942006668527446,False
44.514965035,-81.7675524476,500.0,1970-01-01 00:29:34.575900,52691.2648708555,-7.5792669171,58.2513075313,False,anomalous_eval_run_7,anomalous_eval,anomalous_eval_run_7_fallback.jsonl,52780.002271401856,-8.468632909199084,45.57120968767454,-88.7374005463571,0.8893659920990835,12.680097843625461,-11.504650861730624,-78.4965374341288,0.10269484,0.1551155,0.13152620270848275,False,0.06827132634113661,False
44.5261538462,-81.7507692308,500.0,1970-01-01 00:29:34.576200,52677.5081213427,-7.5863870507,58.256354437,False,anomalous_eval_run_7,anomalous_eval,anomalous_eval_run_7_fallback.jsonl,52781.464033213095,-8.466647549121054,45.58025999915909,-103.95591187039827,0.8802604984210545,12.67609443784091,-15.218511324041174,-89.97535403379395,0.10269484,0.1551155,0.13152620270848275,False,0.07997989506901051,False
44.5373426573,-81.733986014,500.0,1970-01-01 00:29:34.576500,52660.1434483772,-7.5937264877,58.259246057,False,anomalous_eval_run_7,anomalous_eval,anomalous_eval_run_7_fallback.jsonl,52782.92556630899,-8.464661277841374,45.58930857236408,-122.78211793179071,0.8709347901413746,12.669937484635916,-18.82620606139244,-105.1584767828487,0.10269484,0.1551155,0.13152620270848275,False,0.09446409282406378,False
44.5485314685,-81.7172027972,500.0,1970-01-01 00:29:34.576800,52639.3048612051,-7.6012710612,58.259969835,False,anomalous_eval_run_7,anomalous_eval,anomalous_eval_run_7_fallback.jsonl,52784.386870637136,-8.462674095883692,45.59835540710617,-145.082009432037,0.8614030346836916,12.66161442789383,-22.299891500246304,-123.94001307807532,0.10011611,0.1484161,0.12668110616505146,False,0.11162081772936364,False
44.5597202797,-81.7004195804,500.0,1970-01-01 00:29:34.577100,52615.1531784815,-7.609006208,58.2585226283,False,anomalous_eval_run_7,anomalous_eval,anomalous_eval_run_7_fallback.jsonl,52785.847946115275,-8.460686003815471,45.60740050295948,-170.69476763377315,0.8516797958154712,12.651122125340521,-25.612758201736142,-146.18629833253362,0.10011611,0.1484161,0.12668110616505146,False,0.13132634170145543,False
44.5709090909,-81.6836363636,500.0,1970-01-01 00:29:34.577400,52587.8747871771,-7.6169169974,58.2549107209,False,anomalous_eval_run_7,anomalous_eval,anomalous_eval_run_7_fallback.jsonl,52787.308792671094,-8.458697002189854,45.616443859579086,-199.43400549399666,0.8417800047898547,12.638466861320914,-28.73923786022351,-171.73692751993562,0.10011611,0.1484161,0.12668110616505146,False,0.15343726533309676,False
44.5820979021,-81.6668531469,500.0,1970-01-01 00:29:34.577700,52557.6802041649,-7.6249881593,58.2491497967,False,anomalous_eval_run_7,anomalous_eval,anomalous_eval_run_7_fallback.jsonl,52788.769410230234,-8.456707091562338,45.62548547662011,-231.08920606533502,0.831718932262338,12.62366432007989,-31.655200571338355,-200.4059930643683,0.10011611,0.1484161,0.12668110616505146,False,0.177791624546842,False
44.5932867133,-81.6500699301,500.0,1970-01-01 00:29:34.578000,52524.8024515875,-7.6332041142,58.2412648709,False,anomalous_eval_run_7,anomalous_eval,anomalous_eval_run_7_fallback.jsonl,52790.22979872457,-8.454716272482152,45.63452535373776,-265.42734713706886,0.8215121582821521,12.60673951716224,-34.338141071733844,-231.98351956546685,0.10011611,0.1484161,0.12668110616505146,False,0.20421014053471614,False
44.6044755245,-81.6332867133,500.0,1970-01-01 00:29:34.578300,52489.4952585444,-7.6415490031,58.2312901816,False,anomalous_eval_run_7,anomalous_eval,anomalous_eval_run_7_fallback.jsonl,52791.689958079754,-8.452724545505212,45.64356349058729,-302.19469953535736,0.8111755424052127,12.587726691012712,-36.767352398288494,-266.2370842459204,0.10011611,0.1484161,0.12668110616505146,False,0.2324976033049581,False
44.615664335700004,-81.6165034965,500.0,1970-01-01 00:29:34.578600,52452.0311029756,-7.6500067181,58.2192690412,False,anomalous_eval_run_7,anomalous_eval,anomalous_eval_run_7_fallback.jsonl,52793.149888223525,-8.450731911185473,45.65259988682405,-341.118785247927,0.8007251930854729,12.566669154375951,-38.92408571256965,-302.9136106401177,0.09691226,0.17455916,0.13961805440485478,False,0.2624443781918895,False
44.6268531469,-81.5997202797,500.0,1970-01-01 00:29:34.578900,52412.6991088541,-7.6585609336000005,58.2052536484,False,anomalous_eval_run_7,anomalous_eval,anomalous_eval_run_7_fallback.jsonl,52794.60958908363,-8.448738370077104,45.66163454210341,-381.910480229526,0.7901774364771033,12.543619106296596,-40.791694981598994,-341.74132167093677,0.09691226,0.17455916,0.13961805440485478,False,0.29382802367789845,False
44.638041958,-81.5829370629,500.0,1970-01-01 00:29:34.579200,52371.8028149156,-7.6671951377,58.1893048612,False,anomalous_eval_run_7,anomalous_eval,anomalous_eval_run_7_fallback.jsonl,52796.06906057789,-8.44674392274903,45.67066745600014,-424.26624566228566,0.7795487850490304,12.518637405199861,-42.355765432759654,-382.4318370465796,0.09691226,0.17455916,0.13961805440485478,False,0.32641500804395424,False
44.6492307692,-81.5661538462,500.0,1970-01-01 00:29:34.579500,52329.6578321438,-7.6758926639,58.1714919329,False,anomalous_eval_run_7,anomalous_eval,anomalous_eval_run_7_fallback.jsonl,52797.528302651874,-8.444748569728903,45.67969862833121,-467.8704705080745,0.7688559058289028,12.491793304568787,-43.60422484578885,-424.6823987999621,0.09691226,0.17455916,0.13961805440485478,False,0.3599625116441299,False
44.6604195804,-81.5493706294,500.0,1970-01-01 00:29:34.579800,52286.58940809,-7.6846367238,58.1518922115,False,anomalous_eval_run_7,anomalous_eval,anomalous_eval_run_7_fallback.jsonl,52798.98731522758,-8.442752311581692,45.68872805867149,-512.3979071375798,0.7581155877816927,12.463164152828512,-44.527436629505246,-468.1782077693133,0.09691226,0.17455916,0.13961805440485478,False,0.394220300789972,False
44.6716083916,-81.5325874126,500.0,1970-01-01 00:29:34.580100,52242.9299168246,-7.693410439,58.1305908033,False,anomalous_eval_run_7,anomalous_eval,anomalous_eval_run_7_fallback.jsonl,52800.4460982307,-8.440755148864566,45.69775574667664,-557.5161814060993,0.7473447098645662,12.432835056623361,-45.1182742685196,-512.5948530172512,0.09691226,0.17455916,0.13961805440485478,False,0.42893265891145926,False
44.6827972028,-81.5158041958,500.0,1970-01-01 00:29:34.580400,52199.0162938901,-7.7021968738,58.1076802042,False,anomalous_eval_run_7,anomalous_eval,anomalous_eval_run_7_fallback.jsonl,52801.904651589044,-8.438757082132716,45.706781692002394,-602.8883576989465,0.7365602083327154,12.400898512197607,-45.37217629284714,-557.6008154142086,0.091584265,0.22877735,0.1670404613018036,False,0.4638403600095811,False
44.693986014000004,-81.499020979,500.0,1970-01-01 00:29:34.580700,52155.1874360517,-7.710979068,58.0832598971,False,anomalous_eval_run_7,anomalous_eval,anomalous_eval_run_7_fallback.jsonl,52803.36297523041,-8.43675811194154,45.71580589430455,-648.1755391787083,0.7257790439415395,12.367454002795448,-45.287181479761784,-602.8600260945847,0.091584265,0.22877735,0.1670404613018036,False,0.49868266919194115,False
44.7051748252,-81.4822377622,500.0,1970-01-01 00:29:34.581000,52111.781585913,-7.7197400696,58.0574359207,False,anomalous_eval_run_7,anomalous_eval,anomalous_eval_run_7_fallback.jsonl,52804.82106908262,-8.43475823884664,45.72482835323896,-693.0394831696249,0.7150181692466404,12.33260756746104,-44.863943990916596,-648.0344600157599,0.091584265,0.22877735,0.1670404613018036,False,0.5331993548543101,False
44.7163636364,-81.4654545455,500.0,1970-01-01 00:29:34.581300,52069.1337215793,-7.7284629677000005,58.0303204087,False,anomalous_eval_run_7,anomalous_eval,anomalous_eval_run_7_fallback.jsonl,52806.27893307142,-8.43275746340603,45.733849068461566,-737.1452114921194,0.70429449570603,12.296471340238433,-44.10572832249454,-692.7867446134842,0.091584265,0.22877735,0.1670404613018036,False,0.5671326969770094,False
44.7275524476,-81.4486713287,500.0,1970-01-01 00:29:34.581600,52027.5729715146,-7.7371309245,58.002031103,False,anomalous_eval_run_7,anomalous_eval,anomalous_eval_run_7_fallback.jsonl,52807.73656712879,-8.430755786171309,45.74286803962836,-780.1635956141909,0.6936248616713092,12.259163063371638,-43.01838412207144,-736.7827634253117,0.091584265,0.22877735,0.1670404613018036,False,0.6002294760463043,False
44.7387412587,-81.4318881119,500.0,1970-01-01 00:29:34.581900,51987.4200745425,-7.7457272087,57.9726908422,False,anomalous_eval_run_7,anomalous_eval,anomalous_eval_run_7_fallback.jsonl,52809.193971170585,-8.428753207715474,45.75188526631482,-821.7738966280886,0.6830259990154737,12.22080557588518,-41.6103010138977,-779.694234578133,0.091584265,0.22877735,0.1670404613018036,False,0.6322429272200142,False
44.7499300699,-81.4151048951,500.0,1970-01-01 00:29:34.582200,51948.9849045927,-7.754235227,57.9424270285,False,anomalous_eval_run_7,anomalous_eval,anomalous_eval_run_7_fallback.jsonl,52810.6511451445,-8.426749728565786,45.76090074833825,-861.6662405518,0.6725145015657867,12.181526280161748,-39.89234392371145,-821.2012442646932,0.086453974,0.22653918,0.16350083723664285,False,0.6629346447343872,False
44.7611188811,-81.3983216783,500.0,1970-01-01 00:29:34.582500,51912.5640792954,-7.7626385569,57.9113710744,False,anomalous_eval_run_7,anomalous_eval,anomalous_eval_run_7_fallback.jsonl,52812.10808896847,-8.424745349293453,45.769914485274256,-899.5440096730672,0.6621067923934527,12.141456589125745,-37.87776912126719,-860.9947156176519,0.086453974,0.22653918,0.16350083723664285,False,0.6920764217171526,False
44.772307692300004,-81.3815384615,500.0,1970-01-01 00:29:34.582800,51878.4386708796,-7.7709209774,57.8796578321,False,anomalous_eval_run_7,anomalous_eval,anomalous_eval_run_7_fallback.jsonl,52813.564802570356,-8.422740070455296,45.7789264767791,-935.1261316907548,0.6518190930552956,12.100731355320903,-35.58212201768765,-898.778793971874,0.086453974,0.22653918,0.16350083723664285,False,0.7194520113695747,False
44.7834965035,-81.3647552448,500.0,1970-01-01 00:29:34.583100,51846.8720370406,-7.7790665014,57.8474250079,False,anomalous_eval_run_7,anomalous_eval,anomalous_eval_run_7_fallback.jsonl,52815.021285876,-8.420733892610583,45.7879367225091,-968.1492488353979,0.641667391210583,12.059488285390898,-33.02311714464304,-934.2731300664067,0.086453974,0.22653918,0.16350083723664285,False,0.7448587958088566,False
44.7946853147,-81.347972028,500.0,1970-01-01 00:29:34.583400,51818.1077885166,-7.7870594058,57.8148125639,False,anomalous_eval_run_7,anomalous_eval,anomalous_eval_run_7_fallback.jsonl,52816.4775388174,-8.418726816312084,45.79694522212066,-998.3697503008007,0.6316674105120841,12.017867341779336,-30.220501465402776,-967.2150436089845,0.086453974,0.22653918,0.16350083723664285,False,0.7681093497470406,False
44.8058741259,-81.3311888112,500.0,1970-01-01 00:29:34.583700,51792.3679090595,-7.7948842622,57.7819621112,False,anomalous_eval_run_7,anomalous_eval,anomalous_eval_run_7_fallback.jsonl,52817.93356132041,-8.416718842119469,45.80595197527025,-1025.565652260906,0.6218345799194687,11.976010135929755,-27.195901960105402,-997.3615504657015,0.086453974,0.22653918,0.16350083723664285,False,0.7890328869075636,False
44.8170629371,-81.3144055944,500.0,1970-01-01 00:29:34.584000,51769.851042309,-7.8025259664,57.7490162939,False,anomalous_eval_run_7,anomalous_eval,anomalous_eval_run_7_fallback.jsonl,52819.38935331293,-8.414709970590382,45.81495698161438,-1049.538311003933,0.6121840041903814,11.93405931228562,-23.97265874302684,-1024.4912378552133,0.083640546,0.1686633,0.1304030567407608,False,0.807476578048312,False
44.8282517483,-81.2976223776,500.0,1970-01-01 00:29:34.584300,51750.7309587898,-7.8099697679,57.7161181704,False,anomalous_eval_run_7,anomalous_eval,anomalous_eval_run_7_fallback.jsonl,52820.84491472288,-8.412700202282661,45.82396024080966,-1070.113955933084,0.6027304343826607,11.89215792959034,-20.575644929151167,-1048.4059730659744,0.083640546,0.1686633,0.1304030567407608,False,0.8233067303965722,False
44.8394405594,-81.2808391608,500.0,1970-01-01 00:29:34.584600,51735.1552148644,-7.8172012983,57.6834105919,False,anomalous_eval_run_7,anomalous_eval,anomalous_eval_run_7_fallback.jsonl,52822.300245468294,-8.410689537768958,45.832961752432304,-1087.1450306038969,0.5934882394689582,11.850448839467695,-17.031074670812814,-1068.9324325136379,0.083640546,0.1686633,0.1304030567407608,False,0.8364098193943608,False
44.8506293706,-81.2640559441,500.0,1970-01-01 00:29:34.584900,51723.2440139886,-7.8242065986,57.6510355824,False,anomalous_eval_run_7,anomalous_eval,anomalous_eval_run_7_fallback.jsonl,52823.755345494836,-8.408677977580588,45.84196151629993,-1100.5113315062335,0.584471378980588,11.809074066100067,-13.366300902336661,-1085.9234393477382,0.083640546,0.1686633,0.1304030567407608,False,0.8466933648358406,False
44.8618181818,-81.2472727273,500.0,1970-01-01 00:29:34.585200,51715.0892790595,-7.8309721468,57.6191337216,False,anomalous_eval_run_7,anomalous_eval,anomalous_eval_run_7_fallback.jsonl,52825.21021472469,-8.406665522286088,45.85095953198889,-1110.1209356651889,0.5756933754860887,11.76817418961111,-9.609604158955335,-1099.2590992584398,0.083640546,0.1686633,0.1304030567407608,False,0.8540866445296992,False
44.873006993,-81.2304895105,500.0,1970-01-01 00:29:34.585500,51710.7539430148,-7.8374848835,57.5878435348,False,anomalous_eval_run_7,anomalous_eval,anomalous_eval_run_7_fallback.jsonl,52826.66485308375,-8.404652172446376,45.85995579915604,-1115.9109100689457,0.5671672889463757,11.72788773564396,-5.789974403756787,-1108.8477257467894,0.083640546,0.1686633,0.1304030567407608,False,0.858541240107121,False
44.8841958042,-81.2137062937,500.0,1970-01-01 00:29:34.585800,51710.2714631567,-7.8437322375,57.5573008911,False,anomalous_eval_run_7,anomalous_eval,anomalous_eval_run_7_fallback.jsonl,52828.11926049998,-8.402637928620303,45.868950317458314,-1117.8477973432819,0.5589056911203025,11.688350573641685,-1.9368872743361862,-1114.626547692472,0.10083559,0.14219797,0.12358489781618118,False,0.8600314106820762,False
44.8953846154,-81.1969230769,500.0,1970-01-01 00:29:34.586100,51713.645562951,-7.8497021496,57.527638414,False,anomalous_eval_run_7,anomalous_eval,anomalous_eval_run_7_fallback.jsonl,52829.57343690136,-8.400622791366935,45.8779430865527,-1115.927873950357,0.5509206417669352,11.649695327447304,1.9199233929248294,-1116.5621937875283,0.10083559,0.14219797,0.12358489781618118,False,0.8585542915000705,False
44.9065734266,-81.1801398601,500.0,1970-01-01 00:29:34.586400,51720.850203291,-7.8553830964,57.4989849046,False,anomalous_eval_run_7,anomalous_eval,anomalous_eval_run_7_fallback.jsonl,52831.02738221587,-8.398606761245535,45.886934106096255,-1110.1771789248742,0.5432236648455353,11.612050798503745,5.750695025482855,-1114.6509500728378,0.10083559,0.14219797,0.12358489781618118,False,0.8541299160467013,False
44.9177622378,-81.1633566434,500.0,1970-01-01 00:29:34.586700,51731.8297834509,-7.860764112,57.4714647832,False,anomalous_eval_run_7,anomalous_eval,anomalous_eval_run_7_fallback.jsonl,52832.48109636945,-8.396589838817851,45.89592337574612,-1100.6513129185478,0.5358257268178512,11.575541407453876,9.525866006326396,-1108.9187885979263,0.10083559,0.14219797,0.12358489781618118,False,0.8468010614397861,False
44.928951049,-81.1465734266,500.0,1970-01-01 00:29:34.587000,51746.4995701761,-7.8658348096,57.4451975484,False,anomalous_eval_run_7,anomalous_eval,anomalous_eval_run_7_fallback.jsonl,52833.934579294226,-8.394572024639,45.90491089515948,-1087.435009118126,0.5287372150390004,11.540286653240521,13.216303800421883,-1099.4211669871827,0.10083559,0.14219797,0.12358489781618118,False,0.8366329183093049,False
44.9401398601,-81.1297902098,500.0,1970-01-01 00:29:34.587300,51764.7463515988,-7.8705854015,57.4202972588,False,anomalous_eval_run_7,anomalous_eval,anomalous_eval_run_7_fallback.jsonl,52835.38783090627,-8.392553319285742,45.9138966639133,-1070.6414793074728,0.5219679177857426,11.5064005948867,16.793529810653126,-1086.2426004480487,0.10083559,0.14219797,0.12358489781618118,False,0.8237125876813668,False
44.9513286713,-81.113006993,500.0,1970-01-01 00:29:34.587600,51786.4293109339,-7.8750067177,57.396872037,False,anomalous_eval_run_7,anomalous_eval,anomalous_eval_run_7_fallback.jsonl,52836.840851153385,-8.390533723288916,45.922880681825525,-1050.4115402194875,0.5155270055889165,11.473991355174476,20.229939087985258,-1069.496009548362,0.124350145,0.1576283,0.1426531292498112,False,0.8081484088251736,False
44.9625174825,-81.0962237762,500.0,1970-01-01 00:29:34.587900,51811.3811132114,-7.8790902239000005,57.375023601,False,anomalous_eval_run_7,anomalous_eval,anomalous_eval_run_7_fallback.jsonl,52838.29363995369,-8.388513237223416,45.93186294847323,-1026.9125267422933,0.5094230133234152,11.443160652526771,23.49901347719424,-1049.321848756418,0.124350145,0.1576283,0.1426531292498112,False,0.7900691231134156,False
44.9737062937,-81.0794405594,500.0,1970-01-01 00:29:34.588200,51839.4091966586,-7.8828280378,57.3548468215,False,anomalous_eval_run_7,anomalous_eval,anomalous_eval_run_7_fallback.jsonl,52839.74619723526,-8.386491861649715,45.9408434635139,-1000.3370005766628,0.5036638238497142,11.414003357986097,26.575526165630436,-1025.8870225128146,0.124350145,0.1576283,0.1426531292498112,False,0.7696228805102943,False
44.9848951049,-81.0626573427,500.0,1970-01-01 00:29:34.588500,51870.2972587663,-7.8862129445,57.3364293109,False,anomalous_eval_run_7,anomalous_eval,anomalous_eval_run_7_fallback.jsonl,52841.198522924074,-8.384469597130797,45.94982222660503,-970.901264157772,0.498256652630797,11.386607084294972,29.435736418890883,-999.3835971589093,0.124350145,0.1576283,0.1426531292498112,False,0.7469760962370053,False
44.9960839161,-81.0458741259,500.0,1970-01-01 00:29:34.588800,51903.8069255716,-7.8892384101,57.3198510423,False,anomalous_eval_run_7,anomalous_eval,anomalous_eval_run_7_fallback.jsonl,52842.65061695231,-8.382446444222934,45.958799237404236,-938.8436913807163,0.4932080341229339,11.361051804895766,32.05757277705561,-970.0273187050503,0.124350145,0.1576283,0.1426531292498112,False,0.722312166492706,False
45.0072727273,-81.0290909091,500.0,1970-01-01 00:29:34.589100,51939.6795912722,-7.8918985947,57.3051840023,False,anomalous_eval_run_7,anomalous_eval,anomalous_eval_run_7_fallback.jsonl,52844.102479246,-8.38042240348951,45.96777449556917,-904.4228879738002,0.48852380878950985,11.337409506730836,34.42080340691609,-938.0559478374295,0.124350145,0.1576283,0.1426531292498112,False,0.6958300531126771,False
45.0184615385,-81.0123076923,500.0,1970-01-01 00:29:34.589400,51977.6384139781,-7.8941883635,57.2924918787,False,anomalous_eval_run_7,anomalous_eval,anomalous_eval_run_7_fallback.jsonl,52845.55410973321,-8.3783974754918,45.976748000757574,-867.9156957551095,0.4842091119918006,11.315743877942424,36.50719221869076,-903.7274250365421,0.14905715,0.45267776,0.3160484835505486,True,0.667742748115966,False
45.0296503497,-80.9955244755,500.0,1970-01-01 00:29:34.589700,52017.3904521972,-7.8961032965,57.2818297835,False,anomalous_eval_run_7,anomalous_eval,anomalous_eval_run_7_fallback.jsonl,52847.00550834204,-8.376371660791293,45.98571975262723,-829.6150561448376,0.4802683642912928,11.296110030872768,38.3006396102719,-867.3178799579158,0.14905715,0.45267776,0.3160484835505486,True,0.6382756299695298,False
45.0408391608,-80.9787412587,500.0,1970-01-01 00:29:34.590000,52058.6289255668,-7.8976396975,57.273244014,False,anomalous_eval_run_7,anomalous_eval,anomalous_eval_run_7_fallback.jsonl,52848.4566749907,-8.374344959964303,45.99468975075585,-789.827749423901,0.47670526246430267,11.278554263244146,39.78730672093661,-829.1195004412826,0.14905715,0.45267776,0.3160484835505486,True,0.6076647242560936,False
45.052027972,-80.961958042,500.0,1970-01-01 00:29:34.590300,52101.0355823851,-7.8987946007000005,57.2667718517,False,anomalous_eval_run_7,anomalous_eval,anomalous_eval_run_7_fallback.jsonl,52849.90760962501,-8.37231737354577,46.003657994961706,-748.8720272399078,0.4735227728457687,11.263113856738293,40.9557221839932,-789.4382776028821,0.14905715,0.45267776,0.3160484835505486,True,0.5761548822104093,False
45.0632167832,-80.9451748252,500.0,1970-01-01 00:29:34.590600,52144.2831556707,-7.8995657769,57.2624414001,False,anomalous_eval_run_7,anomalous_eval,anomalous_eval_run_7_fallback.jsonl,52851.35831216733,-8.370288902107765,46.0126244848226,-707.0751564966267,0.4707231252077646,11.2498169152774,41.79687074328103,-748.5916443868118,0.14905715,0.45267776,0.3160484835505486,True,0.5439978910772046,False
45.0744055944,-80.9283916084,500.0,1970-01-01 00:29:34.590900,52188.037888796,-7.8999517375,57.2602714632,False,anomalous_eval_run_7,anomalous_eval,anomalous_eval_run_7_fallback.jsonl,52852.808782543725,-8.368259546214892,46.02158921999662,-664.7708937477219,0.46830780871489175,11.238682243203378,42.304262748904875,-706.9060258280855,0.14905715,0.45267776,0.3160484835505486,True,0.5114505310016424,False
45.0855944056,-80.9116083916,500.0,1970-01-01 00:29:34.591200,53131.962111204,-7.8999517375,57.2602714632,True,anomalous_eval_run_7,anomalous_eval,anomalous_eval_run_7_fallback.jsonl,52854.259020682344,-8.366229306429638,46.03055220014188,277.7030905216525,0.46627756892963745,11.229719263058122,942.4739842693743,-364.71431990756537,0.16754991,1.0069199,0.6292033821344376,True,0.21365465071338807,False
45.0967832168,-80.8948251748,500.0,1970-01-01 00:29:34.591500,53175.7168443293,-7.8995657769,57.2624414001,True,anomalous_eval_run_7,anomalous_eval,anomalous_eval_run_7_fallback.jsonl,52855.70902651132,-8.364198183314686,46.039513424916585,320.0078178179756,0.46463240641468584,11.222927975183417,42.30472729632311,-22.353328469364595,0.16754991,1.0069199,0.6292033821344376,True,0.24620236819482644,False
45.107972028,-80.878041958,500.0,1970-01-01 00:29:34.591800,53218.9644176149,-7.8987946007000005,57.2667718517,True,anomalous_eval_run_7,anomalous_eval,anomalous_eval_run_7_fallback.jsonl,52857.15879995883,-8.36216617743292,46.04847289397899,361.80561765607126,0.4633715767329196,11.21829895772101,41.79779983809567,319.83884199856647,0.16754991,1.0069199,0.6292033821344376,True,0.27836007413976677,False
45.1191608392,-80.8612587413,500.0,1970-01-01 00:29:34.592100,53261.3710744332,-7.8976396975,57.273244014,True,anomalous_eval_run_7,anomalous_eval,anomalous_eval_run_7_fallback.jsonl,52858.60834095097,-8.360133289349774,46.05743060698744,402.76273348223185,0.4624935918497739,11.215813407012561,40.95711582616059,361.5253896520929,0.16754991,1.0069199,0.6292033821344376,True,0.3098709884030123,False
45.1303496503,-80.8444755245,500.0,1970-01-01 00:29:34.592400,53302.6095478028,-7.8961032965,57.2818297835,True,anomalous_eval_run_7,anomalous_eval,anomalous_eval_run_7_fallback.jsonl,52860.0576494102,-8.358099519638492,46.06638656352028,442.5518983926013,0.46199622313849176,11.215443219979718,39.789164910369436,402.37341651030147,0.16754991,1.0069199,0.6292033821344376,True,0.3404833237397685,False
45.1415384615,-80.8276923077,500.0,1970-01-01 00:29:34.592700,53342.3615860219,-7.8941883635,57.2924918787,True,anomalous_eval_run_7,anomalous_eval,anomalous_eval_run_7_fallback.jsonl,52861.50672528234,-8.356064868835595,46.07534076339608,480.8548607395569,0.46187650533559577,11.21715111530392,38.30296234695561,442.05649753813003,0.16754991,1.0069199,0.6292033821344376,True,0.3699522289152721,False
45.1527272727,-80.8109090909,500.0,1970-01-01 00:29:34.593000,53380.3204087278,-7.8918985947,57.3051840023,True,anomalous_eval_run_7,anomalous_eval,anomalous_eval_run_7_fallback.jsonl,52862.95556848575,-8.35402933751942,46.084293206193315,517.3648402420513,0.46213074281941946,11.220890796106687,36.50997950249439,480.25719979140314,0.15804796,0.99166286,0.6165361545979977,True,0.39804167834669707,False
45.1639160839,-80.7941258741,500.0,1970-01-01 00:29:34.593300,53416.1930744284,-7.8892384101,57.3198510423,True,anomalous_eval_run_7,anomalous_eval,anomalous_eval_run_7_fallback.jsonl,52864.40417894861,-8.35199292625385,46.09324389157058,551.7888954797963,0.46275451615384977,11.226607150729421,34.42405523774505,516.6695321538015,0.15804796,0.99166286,0.6165361545979977,True,0.42452629356701393,False
45.1751048951,-80.7773426573,500.0,1970-01-01 00:29:34.593600,52549.7027412337,-7.8862129445,57.3364293109,False,anomalous_eval_run_7,anomalous_eval,anomalous_eval_run_7_fallback.jsonl,52865.852556599166,-8.34995563560296,46.10219281918655,-316.1498153654684,0.4637426911029596,11.234236491713453,-867.9387108452647,251.00130678545975,0.15804796,0.99166286,0.6165361545979977,True,0.24323416152167257,False
45.1862937063,-80.7605594406,500.0,1970-01-01 00:29:34.593900,52580.5908033414,-7.8828280378,57.3548468215,False,anomalous_eval_run_7,anomalous_eval,anomalous_eval_run_7_fallback.jsonl,52867.30070136356,-8.347917466133406,46.11113998869995,-286.70989802215627,0.46508942833340594,11.24370683280005,29.439917343312118,-17.023605969276105,0.15804796,0.99166286,0.6165361545979977,True,0.22058416059730065,False
45.1974825175,-80.7437762238,500.0,1970-01-01 00:29:34.594200,52608.6188867886,-7.8790902239000005,57.375023601,False,anomalous_eval_run_7,anomalous_eval,anomalous_eval_run_7_fallback.jsonl,52868.74861317417,-8.345878418404931,46.12008539976957,-260.12972638556676,0.4667881945049306,11.25493820123043,26.58017163658951,-287.6631465910638,0.15804796,0.99166286,0.6165361545979977,True,0.20013434393789747,False
45.2086713287,-80.726993007,500.0,1970-01-01 00:29:34.594500,52633.5706890661,-7.8750067177,57.396872037,False,anomalous_eval_run_7,anomalous_eval,anomalous_eval_run_7_fallback.jsonl,52870.196291957174,-8.343838492984576,46.12902905205432,-236.62560289107205,0.46883177528457587,11.26784298494568,23.504123494494706,-261.15507576626504,0.15804796,0.99166286,0.6165361545979977,True,0.18205112676481003,False
45.2198601399,-80.7102097902,500.0,1970-01-01 00:29:34.594800,52655.2536484012,-7.8705854015,57.4202972588,False,anomalous_eval_run_7,anomalous_eval,anomalous_eval_run_7_fallback.jsonl,52871.64373764082,-8.341797690437218,46.137970945213084,-216.39008923961956,0.47121228893721856,11.282326313586914,20.235513651452493,-237.71513950541944,0.13696694,0.40238217,0.28294531553983693,True,0.166482659042374,False
45.231048951,-80.6934265734,500.0,1970-01-01 00:29:34.595100,52673.5004298239,-7.8658348096,57.4451975484,False,anomalous_eval_run_7,anomalous_eval,anomalous_eval_run_7_fallback.jsonl,52873.090950143545,-8.339756011342606,46.146911078825006,-199.5905203196453,0.47392120174260643,11.298286469574997,16.799568919974263,-217.5354041501123,0.13696694,0.40238217,0.28294531553983693,True,0.15355768214352045,False
45.2422377622,-80.6766433566,500.0,1970-01-01 00:29:34.595400,52688.1702165491,-7.860764112,57.4714647832,False,anomalous_eval_run_7,anomalous_eval,anomalous_eval_run_7_fallback.jsonl,52874.5379294133,-8.33771345623667,46.15584945270894,-186.36771286420117,0.47694934423667057,11.315615330491056,13.222807455444126,-200.78277414115533,0.13696694,0.40238217,0.28294531553983693,True,0.14338453533756865,False
45.2534265734,-80.6598601399,500.0,1970-01-01 00:29:34.595700,52699.149796709,-7.8553830964,57.4989849046,False,anomalous_eval_run_7,anomalous_eval,anomalous_eval_run_7_fallback.jsonl,52875.98467536645,-8.335670025701942,46.164786066444115,-176.83487865744974,0.4802869293019425,11.334198838155885,9.532834206751431,-187.59770394709872,0.13696694,0.40238217,0.28294531553983693,True,0.13605031965085732,False
45.2646153846,-80.6430769231,500.0,1970-01-01 00:29:34.596000,52706.354437049,-7.8497021496,57.527638414,False,anomalous_eval_run_7,anomalous_eval,anomalous_eval_run_7_fallback.jsonl,52877.43118793546,-8.333625720299311,46.17372091968974,-171.0767508864592,0.4839235706993117,11.35391749431026,5.758127770990541,-178.0931141360367,0.13696694,0.40238217,0.28294531553983693,True,0.1316202257136128,False
45.2758041958,-80.6262937063,500.0,1970-01-01 00:29:34.596300,52709.7285368433,-7.8437322375,57.5573008911,False,anomalous_eval_run_7,anomalous_eval,anomalous_eval_run_7_fallback.jsonl,52878.87746704652,-8.331580540597038,46.18265401210508,-169.14893020322052,0.48784830309703775,11.374646878994916,1.9278206832386786,-172.35351991570982,0.13696694,0.40238217,0.28294531553983693,True,0.13013703064386511,False
45.286993007,-80.6095104895,500.0,1970-01-01 00:29:34.596600,52709.2460569852,-7.8374848835,57.5878435348,False,anomalous_eval_run_7,anomalous_eval,anomalous_eval_run_7_fallback.jsonl,52880.32351262797,-8.329534487161181,46.19158534334948,-171.07745564277138,0.4920496036611812,11.39625819145052,-1.9285254395508673,-170.43437891081703,0.11326146,0.109351754,0.11111112236976624,False,0.13162076792746946,False
45.2981818182,-80.5927272727,500.0,1970-01-01 00:29:34.596900,52704.9107209405,-7.8309721468,57.6191337216,False,anomalous_eval_run_7,anomalous_eval,anomalous_eval_run_7_fallback.jsonl,52881.76932460813,-8.327487560558007,46.20051491308234,-176.85860366763518,0.496515413758007,11.418618808517664,-5.781148024863796,-172.36166317120902,0.11326146,0.109351754,0.11111112236976624,False,0.13606857281021115,False
45.3093706294,-80.5759440559,500.0,1970-01-01 00:29:34.597200,52696.7559860114,-7.8242065986,57.6510355824,False,anomalous_eval_run_7,anomalous_eval,anomalous_eval_run_7_fallback.jsonl,52883.21490291533,-8.325439761353973,46.20944272096312,-186.45891690393182,0.501233162753973,11.441592861436881,-9.600313236296643,-178.1316587381128,0.11326146,0.109351754,0.11111112236976624,False,0.14345470440632369,False
45.3205594406,-80.5591608392,500.0,1970-01-01 00:29:34.597500,52684.8447851356,-7.8172012983,57.6834105919,False,anomalous_eval_run_7,anomalous_eval,anomalous_eval_run_7_fallback.jsonl,52884.66024747585,-8.32339109011816,46.21836876665138,-199.81546234024427,0.5061897918181595,11.465041825248619,-13.356545436312445,-187.7109943039371,0.11326146,0.109351754,0.11111112236976624,False,0.15373074434729916,False
45.3317482517,-80.5423776224,500.0,1970-01-01 00:29:34.597800,52669.2690412102,-7.8099697679,57.7161181704,False,anomalous_eval_run_7,anomalous_eval,anomalous_eval_run_7_fallback.jsonl,52886.105358212364,-8.321341547427277,46.22729304972695,-216.8363170021621,0.511371779527277,11.488825120673049,-17.020854661917838,-201.0368987487794,0.11326146,0.109351754,0.11111112236976624,False,0.16682597044220593,False
45.3429370629,-80.5255944056,500.0,1970-01-01 00:29:34.598100,52650.148957691,-7.8025259664,57.7490162939,False,anomalous_eval_run_7,anomalous_eval,anomalous_eval_run_7_fallback.jsonl,52887.55023507079,-8.31929113382141,46.236215570009044,-237.40127737978764,0.5167651674214104,11.512800723890955,-20.56496037762554,-218.01768557406467,0.11326146,0.109351754,0.11111112236976624,False,0.1826479024853917,False
45.3541258741,-80.5088111888,500.0,1970-01-01 00:29:34.598400,52627.6320909405,-7.7948842622,57.7819621112,False,anomalous_eval_run_7,anomalous_eval,anomalous_eval_run_7_fallback.jsonl,52888.994877969686,-8.317239849882501,46.24513632707763,-261.36278702918935,0.522355587682501,11.536825784122371,-23.961509649401705,-238.5334604703797,0.09537919,0.14220114,0.1211312621831894,False,0.20108301591928138,False
45.3653146853,-80.492027972,500.0,1970-01-01 00:29:34.598700,52601.8922114834,-7.7870594058,57.8148125639,False,anomalous_eval_run_7,anomalous_eval,anomalous_eval_run_7_fallback.jsonl,52890.439286837434,-8.315187696177993,46.254055320592514,-288.54707535403577,0.5281282903779934,11.560757243307485,-27.18428832484642,-262.4370465876709,0.09537919,0.14220114,0.1211312621831894,False,0.22199761797151976,False
45.3765034965,-80.4752447552,500.0,1970-01-01 00:29:34.599000,52573.1279629594,-7.7790665014,57.8474250079,False,anomalous_eval_run_7,anomalous_eval,anomalous_eval_run_7_fallback.jsonl,52891.88346160243,-8.31313467327553,46.26297255021357,-318.7554986430332,0.5340681718755294,11.584452457686432,-30.208423288997437,-289.5551203420861,0.09537919,0.14220114,0.1211312621831894,False,0.24523887940036834,False
45.3876923077,-80.4584615385,500.0,1970-01-01 00:29:34.599300,52541.5613291204,-7.7709209774,57.8796578321,False,anomalous_eval_run_7,anomalous_eval,anomalous_eval_run_7_fallback.jsonl,52893.32740219102,-8.311080781745389,46.27188801560073,-351.7660730706193,0.5401598043453886,11.607769816499271,-33.01057442758611,-319.68954902256274,0.09537919,0.14220114,0.1211312621831894,False,0.2706360139296447,False
45.3988811189,-80.4416783217,500.0,1970-01-01 00:29:34.599600,52507.4359207046,-7.7626385569,57.9113710744,False,anomalous_eval_run_7,anomalous_eval,anomalous_eval_run_7_fallback.jsonl,52894.771108535715,-8.309026022150729,46.28080171641402,-387.33518783111504,0.5463874652507288,11.630569357985983,-35.56911476049572,-352.61891984825587,0.09537919,0.14220114,0.1211312621831894,False,0.2980015962717886,False
45.4100699301,-80.4248951049,500.0,1970-01-01 00:29:34.599900,52471.0150954073,-7.754235227,57.9424270285,False,anomalous_eval_run_7,anomalous_eval,anomalous_eval_run_7_fallback.jsonl,52896.2145805629,-8.306970395062223,46.289713652313516,-425.1994851555937,0.552735168062223,11.652713376186483,-37.864297324478684,-388.100248685776,0.09537919,0.14220114,0.1211312621831894,False,0.32713300854441724,False
45.4212587413,-80.4081118881,500.0,1970-01-01 00:29:34.600200,52432.5799254575,-7.7457272087,57.9726908422,False,anomalous_eval_run_7,anomalous_eval,anomalous_eval_run_7_fallback.jsonl,52897.65781820098,-8.304913901048293,46.298623822959364,-465.07789274348033,0.5591866923482929,11.674067019240638,-39.87840758788661,-425.87085524339636,0.08737184,0.18753348,0.1424607440829277,False,0.3578140039492261,False
45.4324475524,-80.3913286713,500.0,1970-01-01 00:29:34.600500,52392.4270284854,-7.7371309245,58.002031103,False,anomalous_eval_run_7,anomalous_eval,anomalous_eval_run_7_fallback.jsonl,52899.10082136863,-8.302856540692277,46.307532227932136,-506.6737928832299,0.5657256161922772,11.694498875067865,-41.595900139749574,-465.650390260768,0.08737184,0.18753348,0.1424607440829277,False,0.38981637561449295,False
45.4436363636,-80.3745454545,500.0,1970-01-01 00:29:34.600800,52350.8662784207,-7.7284629677000005,58.0303204087,False,anomalous_eval_run_7,anomalous_eval,anomalous_eval_run_7_fallback.jsonl,52900.54359001386,-8.300798314533575,46.31643886705138,-549.6773115931646,0.5723353468335741,11.713881541648618,-43.003518709934724,-507.1429990732916,0.08737184,0.18753348,0.1424607440829277,False,0.4229017177767235,False
45.4548251748,-80.3577622378,500.0,1970-01-01 00:29:34.601100,52308.218414087,-7.7197400696,58.0574359207,False,anomalous_eval_run_7,anomalous_eval,anomalous_eval_run_7_fallback.jsonl,52901.9861240533,-8.298739223158371,46.32534373989782,-593.7677099662978,0.578999153558371,11.732092180802184,-44.09039837313321,-550.0396048142308,0.08737184,0.18753348,0.1424607440829277,False,0.45682326559432485,False
45.466013986,-80.340979021,500.0,1970-01-01 00:29:34.601400,52264.8125639483,-7.710979068,58.0832598971,False,anomalous_eval_run_7,anomalous_eval,anomalous_eval_run_7_fallback.jsonl,52903.42842341952,-8.296679267130958,46.33424684613183,-638.6158594712251,0.585700199130958,11.749013050968166,-44.84814950492728,-594.0202936768959,0.08737184,0.18753348,0.1424607440829277,False,0.4913277995540214,False
45.4772027972,-80.3241958042,500.0,1970-01-01 00:29:34.601700,52220.9837061099,-7.7021968738,58.1076802042,False,anomalous_eval_run_7,anomalous_eval,anomalous_eval_run_7_fallback.jsonl,52904.87048803896,-8.2946184470232,46.343148185413945,-683.8867819290608,0.5924215732232003,11.764532018786056,-45.270922457835695,-638.7567837888613,0.08737184,0.18753348,0.1424607440829277,False,0.5261575996366662,False
45.4883916084,-80.3074125874,500.0,1970-01-01 00:29:34.602000,52177.0700831754,-7.693410439,58.1305908033,False,anomalous_eval_run_7,anomalous_eval,anomalous_eval_run_7_fallback.jsonl,52906.31231784009,-8.2925567634047,46.35204775740466,-729.2422346646927,0.5991463244047006,11.77854304589534,-45.35545273563184,-683.9149586883262,0.08525328,0.20418167,0.15066389665007593,False,0.5610524342385282,False
45.4995804196,-80.2906293706,500.0,1970-01-01 00:29:34.602300,52133.41059191,-7.6846367238,58.1518922115,False,anomalous_eval_run_7,anomalous_eval,anomalous_eval_run_7_fallback.jsonl,52907.75391275142,-8.290494216845255,46.36094556176463,-774.3433208414208,0.6058574930452556,11.790946649735368,-45.10108617672813,-729.1574458117248,0.08525328,0.20418167,0.15066389665007593,False,0.5957515684677599,False
45.5107692308,-80.2738461538,500.0,1970-01-01 00:29:34.602600,52090.3421678562,-7.6758926639,58.1714919329,False,anomalous_eval_run_7,anomalous_eval,anomalous_eval_run_7_fallback.jsonl,52909.19527270146,-8.288430807914859,46.36984159815452,-818.8531048452569,0.6125381440148585,11.801650334745474,-44.5097840038361,-774.1462201171234,0.08525328,0.20418167,0.15066389665007593,False,0.6299957763258877,False
45.521958042,-80.2570629371,500.0,1970-01-01 00:29:34.602900,52048.1971850844,-7.6671951377,58.1893048612,False,anomalous_eval_run_7,anomalous_eval,anomalous_eval_run_7_fallback.jsonl,52910.63639761664,-8.286366537186177,46.37873586623509,-862.4392125322411,0.6191713994861772,11.81056899496491,-43.58610768698418,-818.5452127396396,0.08525328,0.20418167,0.15066389665007593,False,0.6635293412434615,False
45.5331468531,-80.2402797203,500.0,1970-01-01 00:29:34.603200,52007.3008911459,-7.6585609336000005,58.2052536484,False,anomalous_eval_run_7,anomalous_eval,anomalous_eval_run_7_fallback.jsonl,52912.07728741987,-8.284301405239361,46.38762836558767,-904.77639627397,0.6257404716393609,11.81762528281233,-42.33718374172895,-862.0229045504893,0.08525328,0.20418167,0.15066389665007593,False,0.6961020295327276,False
45.5443356643,-80.2234965035,500.0,1970-01-01 00:29:34.603500,51967.9688970244,-7.6500067181,58.2192690412,False,anomalous_eval_run_7,anomalous_eval,anomalous_eval_run_7_fallback.jsonl,52913.51794205717,-8.28223541261801,46.396519096032115,-945.5490450327707,0.6322286945180107,11.822749945167885,-40.77264875880064,-904.2548846129939,0.08525328,0.20418167,0.15066389665007593,False,0.7274710215481117,False
45.5555244755,-80.2067132867,500.0,1970-01-01 00:29:34.603800,51930.5047414556,-7.6415490031,58.2312901816,False,anomalous_eval_run_7,anomalous_eval,anomalous_eval_run_7_fallback.jsonl,52914.9583614473,-8.280168559907626,46.40540805714989,-984.4536199916984,0.638619556807626,11.82588212445011,-38.9045749589277,-944.9263537661463,0.08519102,0.18023925,0.13746754340827466,False,0.7574027855712939,False
45.5667132867,-80.1899300699,500.0,1970-01-01 00:29:34.604100,51895.1975484125,-7.6332041142,58.2412648709,False,anomalous_eval_run_7,anomalous_eval,anomalous_eval_run_7_fallback.jsonl,52916.39854551883,-8.278100847679168,46.41429524860203,-1021.2009971063308,0.6448967334791682,11.826969622297966,-36.7473771146324,-983.7345540435999,0.08519102,0.18023925,0.13746754340827466,False,0.7856748800853007,False
45.5779020979,-80.1731468531,500.0,1970-01-01 00:29:34.604400,51862.3197958351,-7.6249881593,58.2491497967,False,anomalous_eval_run_7,anomalous_eval,anomalous_eval_run_7_fallback.jsonl,52917.838494200325,-8.2760322765038,46.42318067004959,-1055.5186983652238,0.6510441172038002,11.825969126650413,-34.31770125889307,-1020.3911051544177,0.08519102,0.18023925,0.13746754340827466,False,0.8120776704250917,False
45.5890909091,-80.1563636364,500.0,1970-01-01 00:29:34.604700,51832.1252128229,-7.6169169974,58.2549107209,False,anomalous_eval_run_7,anomalous_eval,anomalous_eval_run_7_fallback.jsonl,52919.27820741829,-8.273962846955381,46.43206432115376,-1087.152994595388,0.6570458495553817,11.82284639974624,-31.634296230164182,-1054.6242300223141,0.08519102,0.18023925,0.13746754340827466,False,0.8364159465995609,False
45.6002797203,-80.1395804196,500.0,1970-01-01 00:29:34.605000,51804.8468215185,-7.609006208,58.2585226283,False,anomalous_eval_run_7,anomalous_eval,anomalous_eval_run_7_fallback.jsonl,52920.717685105454,-8.271892559600449,46.440946201575734,-1115.8708635869552,0.6628863516004486,11.817576426724266,-28.71786899156723,-1086.1808521825224,0.08519102,0.18023925,0.13746754340827466,False,0.858510429801388,False
45.6114685315,-80.1227972028,500.0,1970-01-01 00:29:34.605300,51780.6951387949,-7.6012710612,58.259969835,False,anomalous_eval_run_7,anomalous_eval,anomalous_eval_run_7_fallback.jsonl,52922.156927188335,-8.26982141501325,46.449826310976825,-1141.4617883934334,0.6685503538132505,11.810143524023175,-25.590924806478142,-1114.8285488585923,0.08519102,0.18023925,0.13746754340827466,False,0.8781991559538049,False
45.6226573427,-80.106013986,500.0,1970-01-01 00:29:34.605600,51759.8565516228,-7.5937264877,58.259246057,False,anomalous_eval_run_7,anomalous_eval,anomalous_eval_run_7_fallback.jsonl,52923.59593359555,-8.267749413765717,46.45870464901837,-1163.7393819727513,0.6740229260657173,11.800541407981626,-22.27759357931791,-1140.3573446510466,0.08495445,0.16931759,0.1313541751354933,False,0.8953387256502858,False
45.6338461538,-80.0892307692,500.0,1970-01-01 00:29:34.605900,51742.4918786573,-7.5863870507,58.256354437,False,anomalous_eval_run_7,anomalous_eval,anomalous_eval_run_7_fallback.jsonl,52925.03470424594,-8.265676556444731,46.467581215282486,-1182.5428255886363,0.6792895057447312,11.788773221717513,-18.803443615885044,-1162.5813319849403,0.08495445,0.16931759,0.1313541751354933,False,0.9098054108082155,False
45.645034965,-80.0724475524,500.0,1970-01-01 00:29:34.606200,51728.7351291445,-7.5792669171,58.2513075313,False,anomalous_eval_run_7,anomalous_eval,anomalous_eval_run_7_fallback.jsonl,52926.473239087674,-8.263602843593116,46.47645600958933,-1197.7381099431732,0.6843359264931159,11.774851521710673,-15.195284354536852,-1181.3401058348536,0.08495445,0.16931759,0.1313541751354933,False,0.9214961095511092,False
45.6562237762,-80.0556643357,500.0,1970-01-01 00:29:34.606500,51718.692468725,-7.5723798309,58.2441272545,False,anomalous_eval_run_7,anomalous_eval,anomalous_eval_run_7_fallback.jsonl,52927.91153803756,-8.261528275800663,46.485329031521104,-1209.2190693125594,0.6891484449006624,11.758798222978896,-11.480959369386255,-1196.5000016147897,0.08495445,0.16931759,0.1313541751354933,False,0.9303291418350246,False
45.6674125874,-80.0388811189,500.0,1970-01-01 00:29:34.606800,51712.4414001168,-7.565739086,58.2348447851,False,anomalous_eval_run_7,anomalous_eval,anomalous_eval_run_7_fallback.jsonl,52929.34960102836,-8.259452853635027,46.49420028073946,-1216.9082009115664,0.6937137676350273,11.740644504360539,-7.6891315990069415,-1207.955126722433,0.08495445,0.16931759,0.1313541751354933,False,0.9362448798377567,False
45.6786013986,-80.0220979021,500.0,1970-01-01 00:29:34.607100,51710.0301649994,-7.5593575006,58.2235004298,False,anomalous_eval_run_7,anomalous_eval,anomalous_eval_run_7_fallback.jsonl,52930.787427986674,-8.25737657767164,46.50306975690609,-1220.7572629872739,0.6980190770716392,11.720430672893905,-3.8490620757074794,-1215.6281777371332,0.08495445,0.16931759,0.1313541751354933,False,0.93920620811039,False
45.6897902098,-80.0053146853,500.0,1970-01-01 00:29:34.607400,51711.4773717165,-7.5532473932,58.2101434484,False,anomalous_eval_run_7,anomalous_eval,anomalous_eval_run_7_fallback.jsonl,52932.225018841156,-8.255299448483585,46.51193745968275,-1220.7476471246555,0.7020520552835849,11.698205988717248,0.009615862618375104,-1219.471037007832,0.084366806,0.16200422,0.12706738226115705,False,0.9391988100156653,False
45.700979021,-79.9885314685,500.0,1970-01-01 00:29:34.607700,51716.7718516683,-7.5474205576,58.1948318399,False,anomalous_eval_run_7,anomalous_eval,anomalous_eval_run_7_fallback.jsonl,52933.6623735205,-8.253221466644163,46.52080338873127,-1216.8905218521977,0.7058009090441635,11.67402845116873,3.857125272457779,-1219.4651439880424,0.084366806,0.16200422,0.12706738226115705,False,0.9362312782129161,False
45.7121678322,-79.9717482517,500.0,1970-01-01 00:29:34.608000,51725.872745504,-7.5418882415,58.1776320909,False,anomalous_eval_run_7,anomalous_eval,anomalous_eval_run_7_fallback.jsonl,52935.099491953384,-8.251142632726845,46.52966754371354,-1209.2267464493852,0.7092543912268452,11.647964547186454,7.663775402812462,-1215.6216384754127,0.084366806,0.16200422,0.12706738226115705,False,0.9303350483446854,False
45.7233566434,-79.954965035,500.0,1970-01-01 00:29:34.608300,51738.7098184473,-7.5366611235,58.1586188868,False,anomalous_eval_run_7,anomalous_eval,anomalous_eval_run_7_fallback.jsonl,52936.53637406643,-8.249062947307854,46.53852992429156,-1197.8265556191327,0.7124018238078538,11.62008896250844,11.40019083025254,-1207.9812746402386,0.084366806,0.16200422,0.12706738226115705,False,0.9215641564351706,False
45.7345454545,-79.9381818182,500.0,1970-01-01 00:29:34.608600,51755.1840023227,-7.5317492934,58.1378747872,False,anomalous_eval_run_7,anomalous_eval,anomalous_eval_run_7_fallback.jsonl,52937.97301978274,-8.246982410970727,46.54739053004814,-1182.7890174600398,0.7152331175707269,11.590484257151857,15.037538159092946,-1196.6141065095192,0.084366806,0.16200422,0.12706738226115705,False,0.9099948218738049,False
45.7457342657,-79.9213986014,500.0,1970-01-01 00:29:34.608900,51775.1681600998,-7.5271622325,58.1154898678,False,anomalous_eval_run_7,anomalous_eval,anomalous_eval_run_7_fallback.jsonl,52939.40942904845,-8.24490102426254,46.55624936080378,-1164.2412689486519,0.7177387917625389,11.559240506996218,18.54774851138791,-1181.6189473426082,0.084366806,0.16200422,0.12706738226115705,False,0.8957248592231323,False
45.7569230769,-79.9046153846,500.0,1970-01-01 00:29:34.609200,51798.5080670532,-7.5229087949,58.0915613291,False,anomalous_eval_run_7,anomalous_eval,anomalous_eval_run_7_fallback.jsonl,52940.84560178253,-8.242818787772299,46.56510641614146,-1142.3375347293331,0.7199099928722985,11.526454912958542,21.90373421931872,-1163.1226070460082,0.08364077,0.18070036,0.1370235450565815,False,0.8788729233114484,False
45.7681118881,-79.8878321678,500.0,1970-01-01 00:29:34.609500,51825.0236009694,-7.5189971909,58.0661930744,False,anomalous_eval_run_7,anomalous_eval,anomalous_eval_run_7_fallback.jsonl,52942.28153791373,-8.240735702074447,46.573961695723405,-1117.2579369443338,0.721738511174447,11.492231378676593,25.07959778499935,-1141.278913540773,0.08364077,0.18070036,0.1370235450565815,False,0.8595775935593709,False
45.7793006993,-79.871048951,500.0,1970-01-01 00:29:34.609800,51854.5101322124,-7.515434971,58.0394952585,False,anomalous_eval_run_7,anomalous_eval,anomalous_eval_run_7_fallback.jsonl,52943.71723737079,-8.238651767743617,46.582815199211936,-1089.2071051583844,0.7232167967436167,11.456680059288061,28.050831785949413,-1116.2675256106838,0.08364077,0.18070036,0.1370235450565815,False,0.8379963045064148,False
45.7904895105,-79.8542657343,500.0,1970-01-01 00:29:34.610100,51886.7401029224,-7.5122290112,58.0115838096,False,anomalous_eval_run_7,anomalous_eval,anomalous_eval_run_7_fallback.jsonl,52945.152700080405,-8.236566985357209,46.5916669262694,-1058.412597158007,0.7243379741572094,11.4199168833306,30.79450800037739,-1088.2925464202417,0.08364077,0.18070036,0.1370235450565815,False,0.8143041308314579,False
45.8016783217,-79.8374825175,500.0,1970-01-01 00:29:34.610400,51921.4647831587,-7.5093854999000005,57.9825799255,False,anomalous_eval_run_7,anomalous_eval,anomalous_eval_run_7_fallback.jsonl,52946.58792597546,-8.234481355485093,46.60051687655827,-1025.1231428167594,0.7250958555850922,11.382063048941731,33.28945434124762,-1057.5809483777168,0.08364077,0.18070036,0.1370235450565815,False,0.7886924362465754,False
45.8128671329,-79.8206993007,500.0,1970-01-01 00:29:34.610700,51958.4161904362,-7.5069099258000005,57.9526095478,False,anomalous_eval_run_7,anomalous_eval,anomalous_eval_run_7_fallback.jsonl,52948.022914982655,-8.232394878705046,46.609365049741015,-989.6067245464583,0.7254849529050453,11.343244498058986,35.516418270301074,-1024.3808215070749,0.08364077,0.18070036,0.1370235450565815,False,0.7613673966660738,False
45.8240559441,-79.8039160839,500.0,1970-01-01 00:29:34.611000,51997.3091578395,-7.5048070675,57.9218028149,False,anomalous_eval_run_7,anomalous_eval,anomalous_eval_run_7_fallback.jsonl,52949.4576670308,-8.230307555592466,46.618211445480235,-952.1485091912982,0.7255004880924663,11.303591369419763,37.458215355160064,-988.9594588515052,0.08260267,0.21388744,0.15480929352343084,False,0.7325484090810955,False
45.8352447552,-79.7871328671,500.0,1970-01-01 00:29:34.611300,52037.8435347553,-7.503080984,57.8902934968,False,anomalous_eval_run_7,anomalous_eval,anomalous_eval_run_7_fallback.jsonl,52950.892182038944,-8.228219386737731,46.62705606335953,-913.0486472836419,0.7251384027377306,11.263237433440466,39.099861907656305,-951.6012936737994,0.08260267,0.21388744,0.15480929352343084,False,0.7024663983871214,False
45.8464335664,-79.7703496503,500.0,1970-01-01 00:29:34.611600,52079.7065032402,-7.5017350071,57.8582184141,False,anomalous_eval_run_7,anomalous_eval,anomalous_eval_run_7_fallback.jsonl,52952.326459955344,-8.22613037268705,46.63589890319971,-872.6199567151416,0.7243953655870508,11.222319510900292,40.428690568500315,-912.6057043966939,0.08260267,0.21388744,0.15480929352343084,False,0.6713620352848351,False
45.8576223776,-79.7535664336,500.0,1970-01-01 00:29:34.611900,52122.5749921455,-7.5007717349,57.8257168443,False,anomalous_eval_run_7,anomalous_eval,anomalous_eval_run_7_fallback.jsonl,52953.76050069704,-8.22404051403377,46.644739964584495,-831.1855085515417,0.7232687791337709,11.180976879715502,41.43444816359988,-872.2847041834417,0.08260267,0.21388744,0.15480929352343084,False,0.6394838788938976,False
45.8688111888,-79.7367832168,500.0,1970-01-01 00:29:34.612200,52166.1181703701,-7.5001930269,57.7929299168,False,anomalous_eval_run_7,anomalous_eval,anomalous_eval_run_7_fallback.jsonl,52955.194304196964,-8.22194981134887,46.65357924717674,-789.076133826864,0.7217567844488695,11.139350669623262,42.109374724677764,-830.9605330311824,0.08260267,0.21388744,0.15480929352343084,False,0.6070864585711349,False
45.88,-79.72,500.0,1970-01-01 00:29:34.612500,52210.0,-7.5,57.76,False,anomalous_eval_run_7,anomalous_eval,anomalous_eval_run_7_fallback.jsonl,52956.627870381904,-8.219858265211293,46.66241675063933,-746.6278703819044,0.7198582652112933,11.097583249360667,42.44826344495959,-788.9631709201034,0.08260267,0.21388744,0.15480929352343084,False,0.5744283096010009,False
43.2,-80.8,0.0,2026-03-24 00:00:00.000000,52000.0,-7.8,58.0,False,anomalous_eval_run_1,anomalous_eval,anomalous_eval_run_1.csv,52702.027909636876,-8.635096418737856,44.495561885364765,-702.0279096368758,0.835096418737856,13.504438114635235,44.59996074502851,-745.910637948548,0.118633255,0.12339428,0.12125181928277015,False,0.5401147230402243,False
43.222535211267605,-80.76619718309858,0.0,2026-03-24 00:05:00.000000,52088.03425752302,-7.800782635585011,58.06617692713211,False,anomalous_eval_run_1,anomalous_eval,anomalous_eval_run_1.csv,52705.020016436334,-8.631080093342668,44.514194807757114,-616.9857589133171,0.8302974577576565,13.551982119374998,85.04215072355873,-688.5471796440324,0.118633255,0.12339428,0.12125181928277015,False,0.47468638742240177,False
43.245070422535214,-80.73239436619718,0.0,2026-03-24 00:10:00.000000,52173.317957601306,-7.803124417155455,58.13118947532099,False,anomalous_eval_run_1,anomalous_eval,anomalous_eval_run_1.csv,52708.01120868744,-8.627060040566256,44.53282084399882,-534.693251086137,0.8239356234108017,13.598368631322167,82.29250782718009,-617.9023065454434,0.118633255,0.12339428,0.12125181928277015,False,0.41137352697451257,False
43.267605633802816,-80.69859154929577,0.0,2026-03-24 00:15:00.000000,52253.18648167882,-7.807007017095438,58.19389375279895,False,anomalous_eval_run_1,anomalous_eval,anomalous_eval_run_1.csv,52711.00148579235,-8.62303626490756,44.551439991208504,-457.81500411353045,0.8160292478121214,13.642453761590446,76.87824697260658,-536.4980047043282,0.118633255,0.12339428,0.12125181928277015,False,0.35222620177357405,False
43.290140845070425,-80.66478873239437,0.0,2026-03-24 00:20:00.000000,52325.14440388747,-7.812400048796206,58.25318648167882,False,anomalous_eval_run_1,anomalous_eval,anomalous_eval_run_1.csv,52713.99084715339,-8.619008770868925,44.57005224650588,-388.8464432659239,0.8066087220727187,13.683134235172936,68.96856084760657,-460.4515661551971,0.118633255,0.12339428,0.12125181928277015,False,0.29916430120048154,False
43.31267605633803,-80.63098591549296,0.0,2026-03-24 00:25:00.000000,52386.94345856105,-7.819261304472559,58.308024410060185,False,anomalous_eval_run_1,anomalous_eval,anomalous_eval_run_1.csv,52716.97929217302,-8.614977562956126,44.588657607011704,-330.035833611968,0.7957162584835666,13.71936680304848,58.81060965395591,-392.23242699714075,0.118633255,0.12339428,0.12125181928277015,False,0.2539175585723953,False
43.33521126760564,-80.59718309859154,0.0,2026-03-24 00:30:00.000000,52436.65278543345,-7.827537085495995,58.357442667982085,False,anomalous_eval_run_1,anomalous_eval,anomalous_eval_run_1.csv,52719.966820253845,-8.610942645678344,44.607256069847814,-283.31403482039605,0.7834055601823495,13.75018659813427,46.72179879157193,-334.06543723276263,0.12048415,0.13050303,0.12599453367292882,False,0.21797150704389717,False
43.35774647887324,-80.56338028169014,0.0,2026-03-24 00:35:00.000000,52472.71925776798,-7.837162622659285,58.40057174425037,False,anomalous_eval_run_1,anomalous_eval,anomalous_eval_run_1.csv,52722.95343079866,-8.60690402354817,44.6258476321371,-250.2341730306798,0.7697414008888845,13.774724112113269,33.07986178971623,-287.8613471543479,0.12048415,0.13050303,0.12599453367292882,False,0.1925210653399439,False
43.38028169014085,-80.52957746478873,0.0,2026-03-24 00:40:00.000000,52494.01600851568,-7.848062583083343,58.436652785433445,False,anomalous_eval_run_1,anomalous_eval,anomalous_eval_run_1.csv,52725.9391232104,-8.602861701081595,44.64443229100355,-231.92311469472043,0.7547991179982523,13.792220494429898,18.311058335959387,-255.15710751526544,0.12048415,0.13050303,0.12599453367292882,False,0.17843320349579622,False
43.40281690140845,-80.49577464788732,0.0,2026-03-24 00:45:00.000000,52499.87763834262,-7.860151659799137,58.46505094784145,False,anomalous_eval_run_1,anomalous_eval,anomalous_eval_run_1.csv,52728.92389689214,-8.598815682798016,44.66301004357217,-229.04625854951883,0.7386640229988783,13.802040904269276,2.8768561452016,-237.06784875830635,0.12048415,0.13050303,0.12599453367292882,False,0.17621985508220414,False
43.42535211267606,-80.46197183098592,0.0,2026-03-24 00:50:00.000000,52490.1210054809,-7.873335239390391,58.48526656756179,False,anomalous_eval_run_1,anomalous_eval,anomalous_eval_run_1.csv,52731.90775124713,-8.594765973220209,44.681580886969094,-241.7867457662287,0.721430733829818,13.803685680592693,-12.74048721670988,-234.252039670156,0.12048415,0.13050303,0.12599453367292882,False,0.1860219222507447,False
43.44788732394366,-80.4281690140845,0.0,2026-03-24 00:55:00.000000,52465.050947841446,-7.887510142471844,58.49694395201477,False,anomalous_eval_run_1,anomalous_eval,anomalous_eval_run_1.csv,52734.89068567876,-8.590712576874363,44.70014481832145,-269.839737837312,0.7032024344025194,13.79679913369332,-28.05299207108328,-246.89091405101985,0.12048415,0.13050303,0.12599453367292882,False,0.20760487334845826,False
43.47042253521127,-80.3943661971831,0.0,2026-03-24 01:00:00.000000,52425.45075860603,-7.902565431207841,58.49987763834263,False,anomalous_eval_run_1,anomalous_eval,anomalous_eval_run_1.csv,52737.87269959059,-8.586655498290032,44.71870183475753,-312.42194098456093,0.6840900670821908,13.7811758035851,-42.58220314724895,-274.6828081960339,0.119456016,0.15510765,0.13906441293656827,False,0.24036607065073548,False
43.49295774647887,-80.36056338028169,0.0,2026-03-24 01:05:00.000000,52372.55771288071,-7.918383277551307,58.49401600851568,False,anomalous_eval_run_1,anomalous_eval,anomalous_eval_run_1.csv,52740.853792386326,-8.582594742000165,44.73725193340662,-368.2960795056133,0.6642114644488579,13.75676407510906,-55.87413852105237,-316.8525861091621,0.119456016,0.15510765,0.13906441293656827,False,0.2833535992634072,False
43.51549295774648,-80.32676056338028,0.0,2026-03-24 01:10:00.000000,52308.024410060185,-7.934839885407976,58.47946219754852,False,anomalous_eval_run_1,anomalous_eval,anomalous_eval_run_1.csv,52743.833963469835,-8.57853031254108,44.755795111399095,-435.8095534096501,0.6436904271331043,13.723667086149426,-67.5134739040368,-372.17585796660813,0.119456016,0.15510765,0.13906441293656827,False,0.33529600890068756,False
43.53802816901408,-80.29295774647888,0.0,2026-03-24 01:15:00.000000,52233.86713972874,-7.951806459508677,58.456472278845695,False,anomalous_eval_run_1,anomalous_eval,anomalous_eval_run_1.csv,52746.81321224514,-8.57446221445247,44.774331365866416,-512.9460725164026,0.6226557549437937,13.682140912979278,-77.13651910675253,-439.0172351438887,0.119456016,0.15510765,0.13906441293656827,False,0.3946420392817028,False
43.56056338028169,-80.25915492957746,0.0,2026-03-24 01:20:00.000000,52152.40288436264,-7.969150213406939,58.42545075860603,False,anomalous_eval_run_1,anomalous_eval,anomalous_eval_run_1.csv,52749.79153811641,-8.5703904522774,44.7928606939411,-597.3886537537765,0.6012402388704601,13.632590064664932,-84.44258123737382,-515.3814265599431,0.119456016,0.15510765,0.13906441293656827,False,0.4596090879584668,False
43.583098591549295,-80.22535211267605,0.0,2026-03-24 01:25:00.000000,52066.17692713211,-7.986735408712979,58.386943458561056,False,anomalous_eval_run_1,anomalous_eval,anomalous_eval_run_1.csv,52752.76894048799,-8.566315030562292,44.811383092756756,-686.592013355883,0.5795796218493123,13.5755603658043,-89.2033596021065,-598.975579875354,0.119456016,0.15510765,0.13906441293656827,False,0.528238906238299,False
43.6056338028169,-80.19154929577465,0.0,2026-03-24 01:30:00.000000,51977.88332663731,-8.004424417430638,58.34162791227535,False,anomalous_eval_run_1,anomalous_eval,anomalous_eval_run_1.csv,52755.745418764374,-8.562235953856932,44.82989855944803,-777.8620921270631,0.5578115364262946,13.511729352827317,-91.27007877118012,-687.2809197455741,0.12265268,0.14616063,0.13558205366134643,False,0.5984587830276049,False
43.628169014084506,-80.15774647887324,0.0,2026-03-24 01:35:00.000000,51890.28074327927,-8.022078799083054,58.29030144398536,False,anomalous_eval_run_1,anomalous_eval,anomalous_eval_run_1.csv,52758.7209723502,-8.558153226714456,44.84840709115068,-868.4402290709331,0.5360744276314016,13.44189435283468,-90.57813694387005,-777.631444851293,0.12265268,0.14616063,0.13558205366134643,False,0.6681463049585252,False
43.65070422535212,-80.12394366197184,0.0,2026-03-24 01:40:00.000000,51806.10624720105,-8.039560384197104,58.23386713972874,False,anomalous_eval_run_1,anomalous_eval,anomalous_eval_run_1.csv,52761.69560065027,-8.554066853691355,44.86690868500152,-955.5893534492207,0.5145064694942505,13.366958454727218,-87.14912437828752,-867.2972248824057,0.12265268,0.14616063,0.13558205366134643,False,0.7351956694220037,False
43.67323943661972,-80.09014084507042,0.0,2026-03-24 01:45:00.000000,51727.98980079864,-8.05673235566686,58.17331795760131,False,anomalous_eval_run_1,anomalous_eval,anomalous_eval_run_1.csv,52764.66930306955,-8.549976839347472,44.885403338138396,-1036.679502270912,0.4932444836806127,13.287914619462917,-81.0901488216914,-953.5696949303552,0.12265268,0.14616063,0.13558205366134643,False,0.7975834786114887,False
43.695774647887326,-80.05633802816901,0.0,2026-03-24 01:50:00.000000,51658.37208772465,-8.073460319532952,58.10971925672073,False,anomalous_eval_run_1,anomalous_eval,anomalous_eval_run_1.csv,52767.64207901317,-8.545883188245973,44.9038910477003,-1109.2699912885146,0.4724228687130214,13.205828209020432,-72.59048901760252,-1033.8462823362158,0.12265268,0.14616063,0.13558205366134643,False,0.8534319588968049,False
43.71830985915493,-80.02253521126761,0.0,2026-03-24 01:55:00.000000,51599.428255749626,-8.089613356797516,58.044190052298674,False,anomalous_eval_run_1,anomalous_eval,anomalous_eval_run_1.csv,52770.61392788638,-8.54178590495338,44.92237181082726,-1171.1856721367512,0.4521725481558647,13.121818241471416,-61.91568084823666,-1105.711721898726,0.12265268,0.14616063,0.13558205366134643,False,0.9010676302912513,False
43.74084507042254,-79.9887323943662,0.0,2026-03-24 02:00:00.000000,51552.99995607186,-8.10506504804286,57.97788332663731,False,anomalous_eval_run_1,anomalous_eval,anomalous_eval_run_1.csv,52773.58484909463,-8.53768499403954,44.94084562466038,-1220.584893022773,0.4326199459966791,13.037037701976928,-49.399220886021794,-1167.013518816013,0.1316098,0.1357053,0.13386232778429985,False,0.9390735929331887,False
43.76338028169014,-79.9549295774648,0.0,2026-03-24 02:05:00.000000,51520.53780245148,-8.119694462834811,57.91196574247698,False,anomalous_eval_run_1,anomalous_eval,anomalous_eval_run_1.csv,52776.55484204349,-8.533580460077625,44.95931248634184,-1256.017039592014,0.4138859972428133,12.952653256135143,-35.43214656924101,-1215.9292015838462,0.1316098,0.1357053,0.13386232778429985,False,0.9663337969340027,False
43.78591549295775,-79.92112676056338,0.0,2026-03-24 02:10:00.000000,51503.05604798522,-8.13338710616733,57.84759711563736,False,anomalous_eval_run_1,anomalous_eval,anomalous_eval_run_1.csv,52779.52390613875,-8.529472307644134,44.9777723930149,-1276.4678581535263,0.39608520147680437,12.869824722622461,-20.45081856151228,-1251.0232635894379,0.1316098,0.1357053,0.13386232778429985,False,0.9820679124181158,False
43.80845070422535,-79.88732394366197,0.0,2026-03-24 02:15:00.000000,51501.10089560872,-8.146035814541166,57.785910008129775,False,anomalous_eval_run_1,anomalous_eval,anomalous_eval_run_1.csv,52782.492040786274,-8.52536054131889,44.996225341823894,-1281.3911451775566,0.3793247267777229,12.789684666305881,-4.923287024030287,-1271.292014307699,0.1316098,0.1357053,0.13386232778429985,False,0.9858557102690688,False
43.83098591549296,-79.85352112676057,0.0,2026-03-24 02:20:00.000000,51514.73343243822,-8.157541594663543,57.72798980079863,False,anomalous_eval_run_1,anomalous_eval,anomalous_eval_run_1.csv,52785.45924539214,-8.521245165685023,45.014671329914236,-1270.725812953926,0.36370357102148,12.713318470884396,10.665332223630685,-1276.1949387616696,0.1316098,0.1357053,0.13386232778429985,False,0.977650191825966,False
43.85352112676056,-79.81971830985916,0.0,2026-03-24 02:25:00.000000,51543.52772115431,-8.16781439820489,57.67485559611253,False,anomalous_eval_run_1,anomalous_eval,anomalous_eval_run_1.csv,52788.42551936258,-8.517126185328978,45.033110354432395,-1244.8977982082724,0.3493117871240887,12.641745241680134,25.82801474565349,-1265.671585446585,0.1316098,0.1357053,0.13386232778429985,False,0.9577790573033469,False
43.87605633802817,-79.78591549295774,0.0,2026-03-24 02:30:00.000000,51586.58410806055,-8.176773826549113,57.62744228711929,False,anomalous_eval_run_1,anomalous_eval,anomalous_eval_run_1.csv,52791.39086210396,-8.513003604840504,45.051542412525954,-1204.8067540434058,0.33622977829139167,12.575899874593333,40.09104416486662,-1240.1434550685346,0.13965222,0.32368866,0.240872260928154,True,0.9269344670552174,False
43.89859154929577,-79.75211267605634,0.0,2026-03-24 02:35:00.000000,51642.55733201792,-8.184349760021776,57.58658410806054,False,anomalous_eval_run_1,anomalous_eval,anomalous_eval_run_1.csv,52794.35527302282,-8.508877428812653,45.069967501343555,-1151.797941004901,0.3245276687908767,12.516616606716987,53.00881303850474,-1200.5008310855264,0.13965222,0.32368866,0.240872260928154,True,0.8861514155839556,False
43.92112676056338,-79.71830985915493,0.0,2026-03-24 02:40:00.000000,51709.69855601464,-8.190482906671626,57.552999956071865,False,anomalous_eval_run_1,anomalous_eval,anomalous_eval_run_1.csv,52797.31875152586,-8.504747661841774,45.0883856180349,-1087.6201955112192,0.3142647551701483,12.464614338036967,64.17774549368187,-1148.074963519842,0.13965222,0.32368866,0.240872260928154,True,0.8367753939802054,False
43.94366197183098,-79.68450704225353,0.0,2026-03-24 02:45:00.000000,51785.91000812977,-8.195125266310502,57.527280742232016,False,anomalous_eval_run_1,anomalous_eval,anomalous_eval_run_1.csv,52800.28129701993,-8.500614308527512,45.10679675975079,-1014.3712888901573,0.30548904221701,12.420483982481223,73.2489066210619,-1084.5964751354259,0.13965222,0.32368866,0.240872260928154,True,0.7804203511542044,False
43.96619718309859,-79.65070422535211,0.0,2026-03-24 02:50:00.000000,51868.81052467901,-8.198240506179882,57.5098789945191,False,anomalous_eval_run_1,anomalous_eval,anomalous_eval_run_1.csv,52803.24290891206,-8.496477373472787,45.12520092364313,-934.4323842330559,0.2982368672929052,12.384678070875971,79.93890465710138,-1012.1412895448108,0.13965222,0.32368866,0.240872260928154,True,0.7189182673248846,False
43.9887323943662,-79.6169014084507,0.0,2026-03-24 02:55:00.000000,51955.80994770133,-8.199804245303994,57.50110089560872,False,anomalous_eval_run_1,anomalous_eval,anomalous_eval_run_1.csv,52806.20358660941,-8.492336861283821,45.14359810686485,-850.3936389080773,0.2925326159798267,12.357502788743872,84.03874532497866,-933.0657706770968,0.13965222,0.32368866,0.240872260928154,True,0.6542619153013204,False
44.011267605633805,-79.5830985915493,0.0,2026-03-24 03:00:00.000000,52394.19005229867,-8.199804245303994,57.50110089560872,True,anomalous_eval_run_1,anomalous_eval,anomalous_eval_run_1.csv,52809.1633295193,-8.4881927765701,45.16198830656999,-414.97327722063346,0.2883885312661061,12.339112589038734,435.4203616874438,-733.2664334539222,0.14221379,0.50909746,0.34399980753660203,True,0.3192653363468835,False
44.03380281690141,-79.54929577464789,0.0,2026-03-24 03:05:00.000000,52481.18947532099,-8.198240506179882,57.5098789945191,True,anomalous_eval_run_1,anomalous_eval,anomalous_eval_run_1.csv,52812.12213704925,-8.484045123944396,45.18037151991366,-330.9326617282568,0.28580461776451394,12.329507474605435,84.04061549237667,-532.0998592856558,0.14221379,0.50909746,0.34399980753660203,True,0.2546075454845888,False
44.056338028169016,-79.51549295774647,0.0,2026-03-24 03:10:00.000000,52564.08999187023,-8.195125266310502,57.527280742232016,True,anomalous_eval_run_1,anomalous_eval,anomalous_eval_run_1.csv,52815.080008606885,-8.479893908022744,45.198747744052085,-250.9900167366577,0.28476864171224214,12.32853299817993,79.94264499159908,-332.2986518951827,0.14221379,0.50909746,0.34399980753660203,True,0.19310258397803778,False
44.07887323943662,-79.48169014084507,0.0,2026-03-24 03:15:00.000000,52640.30144398536,-8.190482906671626,57.552999956071865,True,anomalous_eval_run_1,anomalous_eval,anomalous_eval_run_1.csv,52818.036943600026,-8.475739133424446,45.21711697614251,-177.7354996146678,0.2852562267528196,12.335882979929352,73.25451712198992,-253.2193926931941,0.14221379,0.50909746,0.34399980753660203,True,0.13674322463681957,False
44.10140845070423,-79.44788732394366,0.0,2026-03-24 03:20:00.000000,52357.44266798208,-8.184349760021776,57.58658410806055,False,anomalous_eval_run_1,anomalous_eval,anomalous_eval_run_1.csv,52820.99294143664,-8.471580804772065,45.23547921334332,-463.5502734545589,0.28723104475028904,12.351104894717231,-285.81477383989113,-297.42526326862816,0.14221379,0.50909746,0.34399980753660203,True,0.35663870926674907,False
44.12394366197183,-79.41408450704226,0.0,2026-03-24 03:25:00.000000,52413.415891939454,-8.176773826549113,57.62744228711929,False,anomalous_eval_run_1,anomalous_eval,anomalous_eval_run_1.csv,52823.948001524855,-8.467418926691424,45.25383445281395,-410.5321095854015,0.2906451001423118,12.37360783430534,53.01816386915743,-350.6059608848761,0.14221379,0.50909746,0.34399980753660203,True,0.315848463606711,False
44.14647887323944,-79.38028169014085,0.0,2026-03-24 03:30:00.000000,52456.47227884569,-8.16781439820489,57.67485559611253,False,anomalous_eval_run_1,anomalous_eval,anomalous_eval_run_1.csv,52826.902123272965,-8.4632535038116,45.27218269171492,-370.42984442727175,0.29543910560671094,12.402672904397612,40.10226515812974,-414.83740915574407,0.14048389,0.33890277,0.24961427301168443,True,0.2849952403347581,False
44.16901408450704,-79.34647887323943,0.0,2026-03-24 03:35:00.000000,52485.26656756178,-8.157541594663543,57.72798980079863,False,anomalous_eval_run_1,anomalous_eval,anomalous_eval_run_1.csv,52829.85530608942,-8.459084540764906,45.290523927207836,-344.58873852763645,0.3015429461013621,12.437465873590796,25.841105899635295,-375.18356418010325,0.14048389,0.33890277,0.24961427301168443,True,0.26511403395472405,False
44.19154929577465,-79.31267605633803,0.0,2026-03-24 03:40:00.000000,52498.89910439128,-8.146035814541166,57.785910008129775,False,anomalous_eval_run_1,anomalous_eval,anomalous_eval_run_1.csv,52832.80754938282,-8.45491204218691,45.30885815645541,-333.908444991539,0.30887622764574374,12.477051851674368,10.680293536097452,-349.6423426488157,0.14048389,0.33890277,0.24961427301168443,True,0.2568970048223333,False
44.21408450704225,-79.27887323943662,0.0,2026-03-24 03:45:00.000000,52496.94395201478,-8.13338710616733,57.84759711563736,False,anomalous_eval_run_1,anomalous_eval,anomalous_eval_run_1.csv,52835.758852561936,-8.450736012716414,45.32718537662139,-338.81490054715687,0.31734890654908376,12.520411739015977,-4.9064555556178675,-339.10402802211075,0.14048389,0.33890277,0.24961427301168443,True,0.26067185315407904,False
44.23661971830986,-79.2450704225352,0.0,2026-03-24 03:50:00.000000,52479.46219754852,-8.119694462834811,57.91196574247698,False,anomalous_eval_run_1,anomalous_eval,anomalous_eval_run_1.csv,52838.709215035706,-8.446556456995454,45.34550558487065,-359.2470174871851,0.32686199416064277,12.566460157606329,-20.43211694002821,-343.990121008627,0.14048389,0.33890277,0.24961427301168443,True,0.27639158029127653,False
44.25915492957746,-79.21126760563381,0.0,2026-03-24 03:55:00.000000,52447.000043928136,-8.10506504804286,57.97788332663731,False,anomalous_eval_run_1,anomalous_eval,anomalous_eval_run_1.csv,52841.65863621321,-8.442373379669304,45.36381877836912,-394.6585922850718,0.3373083316264438,12.614064548268189,-35.411574797886715,-364.2401701064712,0.14048389,0.33890277,0.24961427301168443,True,0.30363595711992974,False
44.28169014084507,-79.1774647887324,0.0,2026-03-24 04:00:00.000000,52400.57174425037,-8.089613356797516,58.044190052298674,False,anomalous_eval_run_1,anomalous_eval,anomalous_eval_run_1.csv,52844.60711550371,-8.438186785386447,45.38212495428385,-444.03537125334697,0.3485734285889315,12.662065098014821,-49.376778968275175,-399.31366034186794,0.12765871,0.1605117,0.1457278557121754,False,0.3416246537671371,False
44.304225352112674,-79.143661971831,0.0,2026-03-24 04:05:00.000000,52341.62791227535,-8.073460319532952,58.10971925672073,False,anomalous_eval_run_1,anomalous_eval,anomalous_eval_run_1.csv,52847.55465231661,-8.433996678798602,45.40042410978295,-505.92674004126457,0.36053635926564986,12.709295146937777,-61.8913687879176,-448.2069011932278,0.12765871,0.1605117,0.1457278557121754,False,0.3892416203472227,False
44.32676056338028,-79.10985915492958,0.0,2026-03-24 04:10:00.000000,52272.010199201366,-8.05673235566686,58.17331795760131,False,anomalous_eval_run_1,anomalous_eval,anomalous_eval_run_1.csv,52850.50124606148,-8.429803064560693,45.41871624203562,-578.4910468601156,0.37307070889383276,12.754601715565691,-72.56430681885104,-509.4843860515757,0.12765871,0.1605117,0.1457278557121754,False,0.4450699570017329,False
44.349295774647885,-79.07605633802817,0.0,2026-03-24 04:15:00.000000,52193.89375279896,-8.039560384197104,58.23386713972874,False,anomalous_eval_run_1,anomalous_eval,anomalous_eval_run_1.csv,52853.44689614806,-8.425605947330865,45.43700134821213,-659.5531433490978,0.38604556313376115,12.796865791516609,-81.0620964889822,-581.323643416826,0.12765871,0.1605117,0.1457278557121754,False,0.5074361837474093,False
44.37183098591549,-79.04225352112677,0.0,2026-03-24 04:20:00.000000,52109.71925672073,-8.022078799083054,58.29030144398536,False,anomalous_eval_run_1,anomalous_eval,anomalous_eval_run_1.csv,52856.391601986244,-8.421405331770464,45.45527942548387,-746.6723452655133,0.39932653268740914,12.83502201850149,-87.11920191641548,-661.5721784915755,0.12765871,0.1605117,0.1457278557121754,False,0.5744625269577653,False
44.394366197183096,-79.00845070422535,0.0,2026-03-24 04:25:00.000000,52022.11667336269,-8.004424417430638,58.34162791227535,False,anomalous_eval_run_1,anomalous_eval,anomalous_eval_run_1.csv,52859.3353629861,-8.417201222544037,45.473550471023316,-837.2186896234125,0.4127768051133991,12.868077441252034,-90.54634435789922,-747.8147260793412,0.12765871,0.1605117,0.1457278557121754,False,0.6441255888301457,False
44.41690140845071,-78.97464788732395,0.0,2026-03-24 04:30:00.000000,51933.82307286789,-7.986735408712979,58.386943458561056,False,anomalous_eval_run_1,anomalous_eval,anomalous_eval_run_1.csv,52862.278178557826,-8.412993624319338,45.491814482004,-928.4551056899363,0.42625821560635835,12.895128976557054,-91.23641606652382,-837.4487135262874,0.11871004,0.17829143,0.15147980228066446,False,0.7143195667596589,False
44.43943661971831,-78.94084507042254,0.0,2026-03-24 04:35:00.000000,51847.59711563736,-7.96915021340694,58.42545075860603,False,anomalous_eval_run_1,anomalous_eval,anomalous_eval_run_1.csv,52865.2200481118,-8.408782541767309,45.51007145560054,-1017.6229324744345,0.4396323283603687,12.915379303005494,-89.16782678449817,-927.7655759292611,0.11871004,0.17829143,0.15147980228066446,False,0.7829220473828569,False
44.46197183098592,-78.90704225352113,0.0,2026-03-24 04:40:00.000000,51766.13286027126,-7.951806459508677,58.456472278845695,False,anomalous_eval_run_1,anomalous_eval,anomalous_eval_run_1.csv,52868.16097105858,-8.404567979562074,45.528321388988694,-1102.0281107873234,0.4527615200533974,12.928150889857001,-84.40517831288889,-1016.0353829838981,0.11871004,0.17829143,0.15147980228066446,False,0.8478603196108192,False
44.48450704225352,-78.87323943661973,0.0,2026-03-24 04:45:00.000000,51691.975589939815,-7.934839885407976,58.47946219754852,False,anomalous_eval_run_1,anomalous_eval,anomalous_eval_run_1.csv,52871.10094680887,-8.400349942380956,45.54656427934527,-1179.1253568690518,0.4655100569729802,12.932897918203253,-77.09724608172837,-1099.5921333769365,0.11871004,0.17829143,0.15147980228066446,False,0.9071761347557409,False
44.50704225352113,-78.83943661971831,0.0,2026-03-24 04:50:00.000000,51627.44228711929,-7.918383277551307,58.49401600851568,False,anomalous_eval_run_1,anomalous_eval,anomalous_eval_run_1.csv,52874.03997477352,-8.396128434904444,45.56480012384817,-1246.5976876542336,0.4777451573531373,12.929215884667506,-67.47233078518184,-1175.917051770203,0.11871004,0.17829143,0.15147980228066446,False,0.9590868903747973,False
44.52957746478873,-78.8056338028169,0.0,2026-03-24 04:55:00.000000,51574.54924139397,-7.902565431207841,58.49987763834263,False,anomalous_eval_run_1,anomalous_eval,anomalous_eval_run_1.csv,52876.97805436357,-8.391903461816216,45.58302891967638,-1302.4288129695997,0.48933803060837544,12.916848718666252,-55.83112531536608,-1242.7172858309616,0.11871004,0.17829143,0.15147980228066446,False,1.0020413261924999,True
44.55211267605634,-78.7718309859155,0.0,2026-03-24 05:00:00.000000,51534.94905215856,-7.887510142471844,58.49694395201477,False,anomalous_eval_run_1,anomalous_eval,anomalous_eval_run_1.csv,52879.9151849902,-8.387675027803105,45.60125066401001,-1344.966132831636,0.5001648853312615,12.895693288004757,-42.537319862036384,-1297.9975444851564,0.11424203,0.18722934,0.1543850488960743,False,1.0347679919286825,True
44.57464788732394,-78.73802816901409,0.0,2026-03-24 05:05:00.000000,51509.8789945191,-7.873335239390391,58.48526656756179,False,anomalous_eval_run_1,anomalous_eval,anomalous_eval_run_1.csv,52882.85136606477,-8.383443137555126,45.6194653540302,-1372.9723715456712,0.5101078981647351,12.86580121353159,-28.006238714035135,-1340.1224391156356,0.11424203,0.18722934,0.1543850488960743,False,1.0563149726950936,True
44.59718309859155,-78.70422535211269,0.0,2026-03-24 05:10:00.000000,51500.12236165738,-7.860151659799137,58.46505094784145,False,anomalous_eval_run_1,anomalous_eval,anomalous_eval_run_1.csv,52885.7865969988,-8.379207795765442,45.637672986919256,-1385.6642353414209,0.5190561359663048,12.827377960922192,-12.691863795749668,-1367.8675799062428,0.11424203,0.18722934,0.1543850488960743,False,1.0660796307732197,True
44.61971830985915,-78.67042253521127,0.0,2026-03-24 05:15:00.000000,51505.98399148432,-7.848062583083343,58.436652785433445,False,anomalous_eval_run_1,anomalous_eval,anomalous_eval_run_1.csv,52888.72087720395,-8.374969007130387,45.65587355986051,-1382.7368857196343,0.526906424047044,12.780779225572935,2.9273496217865613,-1380.4578308689088,0.11424203,0.18722934,0.1543850488960743,False,1.0638274345164767,True
44.64225352112676,-78.63661971830986,0.0,2026-03-24 05:20:00.000000,51527.28074223202,-7.837162622659285,58.40057174425037,False,anomalous_eval_run_1,anomalous_eval,anomalous_eval_run_1.csv,52891.654206092084,-8.370726776349434,45.67406707003841,-1364.3734638600654,0.5335641536901488,12.72650467421196,18.363421859568916,-1377.59152830704,0.11424203,0.18722934,0.1543850488960743,False,1.049699286083059,True
44.66478873239436,-78.60281690140846,0.0,2026-03-24 05:25:00.000000,51563.34721456655,-7.827537085495995,58.357442667982085,False,anomalous_eval_run_1,anomalous_eval,anomalous_eval_run_1.csv,52894.58658307518,-8.36648110812521,45.69225351463853,-1331.239368508628,0.5389440226292157,12.665189153343555,33.13409535143728,-1359.4499060294427,0.11424203,0.18722934,0.1543850488960743,False,1.0242071190505733,True
44.68732394366197,-78.56901408450705,0.0,2026-03-24 05:30:00.000000,51613.05654143895,-7.819261304472559,58.308024410060185,False,anomalous_eval_run_1,anomalous_eval,anomalous_eval_run_1.csv,52897.518007565435,-8.36223200716349,45.71043289084748,-1284.461466126486,0.5429707026909307,12.597591519212706,46.7779023821422,-1326.6914328317264,0.10316102,0.18360415,0.14740474298596384,False,0.9882179034614068,False
44.709859154929575,-78.53521126760563,0.0,2026-03-24 05:35:00.000000,51674.85559611253,-7.812400048796206,58.25318648167882,False,anomalous_eval_run_1,anomalous_eval,anomalous_eval_run_1.csv,52900.44847897515,-8.35797947817318,45.728605195853,-1225.5928828626202,0.5455794293769731,12.524581285825818,58.86858326386573,-1280.4312391659114,0.10316102,0.18360415,0.14740474298596384,False,0.9429265580478327,False
44.732394366197184,-78.50140845070423,0.0,2026-03-24 05:40:00.000000,51746.81351832118,-7.807007017095438,58.19389375279895,False,anomalous_eval_run_1,anomalous_eval,anomalous_eval_run_1.csv,52903.37799671684,-8.353723525866323,45.7467704268439,-1156.5644783956595,0.546716508770885,12.447123325955047,69.02840446696064,-1222.2062757949218,0.10316102,0.18360415,0.14740474298596384,False,0.8898186159720456,False
44.75492957746479,-78.46760563380282,0.0,2026-03-24 05:45:00.000000,51826.68204239869,-7.803124417155455,58.13118947532099,False,anomalous_eval_run_1,anomalous_eval,anomalous_eval_run_1.csv,52906.30656020315,-8.349464154958094,45.76492858101013,-1079.6245178044628,0.5463397378026391,12.366260894310855,76.93996059119672,-1153.9272930209142,0.10316102,0.18360415,0.14740474298596384,False,0.8306238105590599,False
44.7774647887324,-78.43380281690142,0.0,2026-03-24 05:50:00.000000,51911.96574247698,-7.800782635585011,58.06617692713211,False,anomalous_eval_run_1,anomalous_eval,anomalous_eval_run_1.csv,52909.2341688469,-8.34520137016679,45.78307965554268,-997.2684263699193,0.5444187345817797,12.283097271589433,82.35609143454349,-1077.8191408566806,0.10316102,0.18360415,0.14740474298596384,False,0.7672620311978204,False
44.8,-78.4,0.0,2026-03-24 05:55:00.000000,52000.0,-7.8,58.0,False,anomalous_eval_run_1,anomalous_eval,anomalous_eval_run_1.csv,52912.16082206109,-8.340935176213835,45.80122364763365,-912.160822061087,0.5409351762138348,12.198776352366352,85.10760430883238,-996.351255411823,0.10316102,0.18360415,0.14740474298596384,False,0.7017833379737022,False
43.38,-81.02,250.0,2026-03-24 06:00:00.000000,52035.0,-7.75,57.96,False,anomalous_eval_run_2,anomalous_eval,anomalous_eval_run_2.jsonl,52715.27203402783,-8.614869815773208,44.64420002538654,-680.272034027832,0.8648698157732078,13.315799974613462,231.88878803325497,-863.2337608196127,0.11716064,0.15692724,0.13903227187693118,False,0.5233765441619026,False
43.4025352113,-80.9861971831,250.0,2026-03-24 06:05:00.000000,52123.034257523,-7.7507826356,58.0261769271,False,anomalous_eval_run_2,anomalous_eval,anomalous_eval_run_2.jsonl,52718.25779158379,-8.610862816508007,44.66277786432832,-595.2235340607876,0.8600801809080068,13.363399062771684,85.04849996704434,-729.2187967165688,0.11716064,0.15692724,0.13903227187693118,False,0.4579433236672259,False
43.4250704225,-80.9523943662,250.0,2026-03-24 06:10:00.000000,52208.3179576013,-7.7531244172000005,58.0911894753,False,anomalous_eval_run_2,anomalous_eval,anomalous_eval_run_2.jsonl,52721.242633335794,-8.606852087575815,44.6813487940519,-512.9246757344954,0.8537276703758145,13.409840681248099,82.29885832629225,-596.1400812743717,0.11716064,0.15692724,0.13903227187693118,False,0.3946255773764492,False
43.4476056338,-80.9185915493,250.0,2026-03-24 06:15:00.000000,52288.1864816788,-7.7570070171,58.1538937528,False,anomalous_eval_run_2,anomalous_eval,anomalous_eval_run_2.jsonl,52724.22655870718,-8.602837633444441,44.69991281184925,-436.04007702838135,0.8458306163444407,13.45398094095075,76.88459870611405,-514.7294289412215,0.11716064,0.15692724,0.13903227187693118,False,0.3354733653829244,False
43.4701408451,-80.8847887324,250.0,2026-03-24 06:20:00.000000,52360.1444038875,-7.7624000488,58.2131864817,False,anomalous_eval_run_2,anomalous_eval,anomalous_eval_run_2.jsonl,52727.20956709103,-8.598819458627771,44.71846991476617,-367.06516320352966,0.8364194098277711,13.494716566933832,68.97491382485168,-438.6766386554688,0.11716064,0.15692724,0.13903227187693118,False,0.28240657706035904,False
43.4926760563,-80.8509859155,250.0,2026-03-24 06:25:00.000000,52421.9434585611,-7.7692613045000005,58.2680244101,False,anomalous_eval_run_2,anomalous_eval,anomalous_eval_run_2.jsonl,52730.191657880554,-8.594797567643116,44.73702009984965,-308.2481993194524,0.8255362631431158,13.531004310250346,58.81696388407727,-370.4511465171211,0.11716064,0.15692724,0.13903227187693118,False,0.23715494571888257,False
43.5152112676,-80.8171830986,250.0,2026-03-24 06:30:00.000000,52471.6527854334,-7.7775370855,58.317442668,False,anomalous_eval_run_2,anomalous_eval,anomalous_eval_run_2.jsonl,52733.17283049956,-8.590771964968525,44.75556336439472,-261.52004506616504,0.8132348794685251,13.56187930360528,46.72815425328736,-312.2778025297157,0.11790189,0.1373979,0.12862469628453255,False,0.20120400452945061,False
43.5377464789,-80.7833802817,250.0,2026-03-24 06:35:00.000000,52507.719257768,-7.7871626227,58.3605717443,False,anomalous_eval_run_2,anomalous_eval,anomalous_eval_run_2.jsonl,52736.153084341575,-8.586742655128136,44.77409970545043,-228.43382657357142,0.7995800324281355,13.586472038849571,33.086218492593616,-266.0673569863963,0.11790189,0.1373979,0.12862469628453255,False,0.17574867220965867,False
43.5602816901,-80.7495774648,250.0,2026-03-24 06:40:00.000000,52529.0160085157,-7.7980625831,58.3966527854,False,anomalous_eval_run_2,anomalous_eval,anomalous_eval_run_2.jsonl,52739.132418800305,-8.582709642649512,44.79262912006714,-210.11641028460872,0.7846470595495116,13.60402366533286,18.317416288962704,-233.3567606414484,0.11790189,0.1373979,0.12862469628453255,False,0.16165591878787092,False
43.5828169014,-80.7157746479,250.0,2026-03-24 06:45:00.000000,52534.8776383426,-7.8101516598,58.4250509478,False,anomalous_eval_run_2,anomalous_eval,anomalous_eval_run_2.jsonl,52742.110833299994,-8.578672932020888,44.811151605542854,-207.2331949573927,0.7685212722208883,13.613899342257149,2.8832153272160213,-215.26114393852427,0.11790189,0.1373979,0.12862469628453255,False,0.15943767785108237,False
43.6053521127,-80.681971831,250.0,2026-03-24 06:50:00.000000,52525.1210054809,-7.8233352394,58.4452665676,False,anomalous_eval_run_2,anomalous_eval,anomalous_eval_run_2.jsonl,52745.088327234655,-8.57463252777662,44.829667158929986,-219.96732175375655,0.7512972883766196,13.615599408670015,-12.734126796363853,-212.43897566525266,0.11790189,0.1373979,0.12862469628453255,False,0.16923485154369916,False
43.6278873239,-80.6481690141,250.0,2026-03-24 06:55:00.000000,52500.0509478414,-7.8375101425,58.456943952,False,anomalous_eval_run_2,anomalous_eval,anomalous_eval_run_2.jsonl,52748.06489999847,-8.570588434454486,44.84817577728214,-248.01395215706725,0.7330782919544854,13.608768174717866,-28.0466304033107,-225.07148962273882,0.11790189,0.1373979,0.12862469628453255,False,0.19081290820576435,False
43.6504225352,-80.6143661972,250.0,2026-03-24 07:00:00.000000,52460.450758606,-7.8525654312,58.4598776383,False,anomalous_eval_run_2,anomalous_eval,anomalous_eval_run_2.jsonl,52751.04055101611,-8.566540656552869,44.86667745790038,-290.5897924101082,0.7139752253528684,13.59320018039962,-42.57584025304095,-252.85702210697733,0.115879096,0.1320514,0.12477385960519313,False,0.22356921012881847,False
43.6729577465,-80.5805633803,250.0,2026-03-24 07:05:00.000000,52407.5577128807,-7.8683832776,58.4540160085,False,anomalous_eval_run_2,anomalous_eval,anomalous_eval_run_2.jsonl,52754.01527968207,-8.562489198616305,44.88517219784044,-346.4575668013713,0.6941059210163054,13.568843810659558,-55.86777439126308,-295.02043712284893,0.115879096,0.1320514,0.12477385960519313,False,0.2665518424116558,False
43.6954929577,-80.5467605634,250.0,2026-03-24 07:10:00.000000,52343.0244100602,-7.8848398854,58.4394621975,False,anomalous_eval_run_2,anomalous_eval,anomalous_eval_run_2.jsonl,52756.989085391026,-8.558434065192738,44.90365999415923,-413.96467533082614,0.6735941797927385,13.535802203340772,-67.50710852945485,-350.3373448474352,0.115879096,0.1320514,0.12477385960519313,False,0.3184893547614036,False
43.718028169,-80.5129577465,250.0,2026-03-24 07:15:00.000000,52268.8671397287,-7.9018064595,58.4164722788,False,anomalous_eval_run_2,anomalous_eval,anomalous_eval_run_2.jsonl,52759.96196756808,-8.554375260790664,44.92214084416084,-491.0948278393771,0.6525688012906636,13.494331434639157,-77.13015250855096,-417.17235665719153,0.115879096,0.1320514,0.12477385960519313,False,0.3778304869134778,False
43.7405633803,-80.4791549296,250.0,2026-03-24 07:20:00.000000,52187.4028843626,-7.9191502134,58.3854507586,False,anomalous_eval_run_2,anomalous_eval,anomalous_eval_run_2.jsonl,52762.93392560821,-8.550312789964766,44.94061474490434,-575.5310412456092,0.6311625765647655,13.444836013695664,-84.43621340623213,-493.5301814719375,0.115879096,0.1320514,0.12477385960519313,False,0.4427926364127216,False
43.7630985915,-80.4453521127,250.0,2026-03-24 07:25:00.000000,52101.1769271321,-7.9367354087,58.3469434586,False,anomalous_eval_run_2,anomalous_eval,anomalous_eval_run_2.jsonl,52765.904958906576,-8.546246657273102,44.95908169344992,-664.7280317744735,0.609511248573102,13.387861765150085,-89.19699052886426,-577.1179669531533,0.115879096,0.1320514,0.12477385960519313,False,0.5114175545594067,False
43.7856338028,-80.4115492958,250.0,2026-03-24 07:30:00.000000,52012.8833266373,-7.9544244174,58.3016279123,False,anomalous_eval_run_2,anomalous_eval,anomalous_eval_run_2.jsonl,52768.87506688872,-8.542176867234254,44.97754168710477,-755.9917402514257,0.5877524498342535,13.32408622519523,-91.26370847695216,-665.4169377571694,0.1256207,0.122042924,0.12365292012691498,False,0.5816325302761834,False
43.8081690141,-80.3777464789,250.0,2026-03-24 07:35:00.000000,51925.2807432793,-7.9720787991,58.250301444,False,anomalous_eval_run_2,anomalous_eval,anomalous_eval_run_2.jsonl,52771.84424895012,-8.538103424412999,44.995994722931215,-846.5635056708197,0.5660246253129984,13.254306721068787,-90.57176541939407,-755.761092565573,0.1256207,0.122042924,0.12365292012691498,False,0.6513151501880665,False
43.8307042254,-80.343943662,250.0,2026-03-24 07:40:00.000000,51841.1062472011,-7.9895603842,58.1938671397,False,anomalous_eval_run_2,anomalous_eval,anomalous_eval_run_2.jsonl,52774.812504496454,-8.534026333363188,45.014440798074645,-933.706257295351,0.5444659491631887,13.179426341625351,-87.14275162453123,-845.4205010725321,0.1256207,0.122042924,0.12365292012691498,False,0.7183596116867442,False
43.8532394366,-80.3101408451,250.0,2026-03-24 07:45:00.000000,51762.9898007986,-8.0067323557,58.1333179576,False,anomalous_eval_run_2,anomalous_eval,anomalous_eval_run_2.jsonl,52777.77983292352,-8.529945598656326,45.03287990959975,-1014.7900321249253,0.5232132429563254,13.10043804800025,-81.0837748295744,-931.6865983636986,0.1256207,0.122042924,0.12365292012691498,False,0.7807425169586788,False
43.8757746479,-80.2763380282,250.0,2026-03-24 07:50:00.000000,51693.3720877247,-8.0234603195,58.0697192567,False,anomalous_eval_run_2,anomalous_eval,anomalous_eval_run_2.jsonl,52780.74623365748,-8.525861224824363,45.05131205481772,-1087.3741459327794,0.5024009053243628,13.018407201882276,-72.58411380785401,-1011.9568117843519,0.1256207,0.122042924,0.12365292012691498,False,0.8365860923896433,False
43.8983098592,-80.2425352113,250.0,2026-03-24 07:55:00.000000,51634.4282557496,-8.0396133568,58.0041900523,False,anomalous_eval_run_2,anomalous_eval,anomalous_eval_run_2.jsonl,52783.71170609444,-8.521773216445474,45.06973723079533,-1149.2834503448394,0.48215985964547414,12.934452821504664,-61.90930441206001,-1083.8158761341813,0.1256207,0.122042924,0.12365292012691498,False,0.8842168579861687,False
43.9208450704,-80.2087323944,250.0,2026-03-24 08:00:00.000000,51587.9999560719,-8.055065048,57.9378833266,False,anomalous_eval_run_2,anomalous_eval,anomalous_eval_run_2.jsonl,52786.67624963065,-8.51768157810121,45.08815543460059,-1198.6762935587467,0.46261653010120973,12.849727891999414,-49.39284321390733,-1145.1112966121218,0.1384624,0.109136194,0.12233298420906068,False,0.9222179138792996,False
43.9433802817,-80.1749295775,250.0,2026-03-24 08:05:00.000000,51555.5378024515,-8.0696944628,57.8719657425,False,anomalous_eval_run_2,anomalous_eval,anomalous_eval_run_2.jsonl,52789.63986369272,-8.513586314333486,45.10656666354773,-1234.1020612412176,0.4438918515334862,12.76539907895227,-35.425767682470905,-1194.0206017149346,0.1384624,0.109136194,0.12233298420906068,False,0.9494732101967953,False
43.965915493,-80.1411267606,250.0,2026-03-24 08:10:00.000000,51538.0560479852,-8.0833871062,57.8075971156,False,anomalous_eval_run_2,anomalous_eval,anomalous_eval_run_2.jsonl,52792.60254767725,-8.5094874297305,45.12497091470688,-1254.546499692049,0.4261003235305001,12.682626200893118,-20.444438450831512,-1229.1082848306712,0.1384624,0.109136194,0.12233298420906068,False,0.9652024170559577,False
43.9884507042,-80.1073239437,250.0,2026-03-24 08:15:00.000000,51536.1008956087,-8.0960358145,57.7459100081,False,anomalous_eval_run_2,anomalous_eval,anomalous_eval_run_2.jsonl,52795.56430098098,-8.505384928883784,45.14336818514935,-1259.4634053722766,0.4093491143837831,12.602541822950649,-4.916905680227501,-1249.370655435181,0.1384624,0.109136194,0.12233298420906068,False,0.9689853053332409,False
44.0109859155,-80.0735211268,250.0,2026-03-24 08:20:00.000000,51549.7334324382,-8.1075415947,57.6879898008,False,anomalous_eval_run_2,anomalous_eval,anomalous_eval_run_2.jsonl,52798.525123030966,-8.501278816345204,45.161758472192446,-1248.7916905927632,0.3937372216452033,12.526231328607551,10.671714779513422,-1254.267198552363,0.1384624,0.109136194,0.12233298420906068,False,0.960774876383938,False
44.0335211268,-80.0397183099,250.0,2026-03-24 08:25:00.000000,51578.5277211543,-8.1178143982,57.6348555961,False,anomalous_eval_run_2,anomalous_eval,anomalous_eval_run_2.jsonl,52801.48501322429,-8.497169096712922,45.180141772909614,-1222.9572920699866,0.3793546985129215,12.454713823190389,25.83439852277661,-1243.7374626783421,0.1384624,0.109136194,0.12233298420906068,False,0.9408988304155409,False
44.056056338,-80.005915493,250.0,2026-03-24 08:30:00.000000,51621.5841080605,-8.1267738265,57.587442287100004,False,anomalous_eval_run_2,anomalous_eval,anomalous_eval_run_2.jsonl,52804.44397095817,-8.49305577458842,45.19851808437551,-1182.8598628976688,0.36628194808842096,12.388924202724496,40.09742917231779,-1218.2029485201394,0.15092286,0.37241167,0.2727417066693306,True,0.9100493277750639,False
44.0785915493,-79.9721126761,250.0,2026-03-24 08:35:00.000000,51677.5573320179,-8.13434976,57.5465841081,False,anomalous_eval_run_2,anomalous_eval,anomalous_eval_run_2.jsonl,52807.40199566014,-8.488938854533469,45.21688740391049,-1129.8446636422377,0.35458909453346976,12.329696704189509,53.01519925543107,-1178.553939536631,0.15092286,0.37241167,0.2727417066693306,True,0.8692613629809283,False
44.1011267606,-79.9383098592,250.0,2026-03-24 08:40:00.000000,51744.6985560146,-8.1404829067,57.5129999561,False,anomalous_eval_run_2,anomalous_eval,anomalous_eval_run_2.jsonl,52810.35908672772,-8.484818341156158,45.23524972859135,-1065.660530713125,0.34433543445615733,12.277750227508655,64.18413292911282,-1126.1216857510105,0.15092286,0.37241167,0.2727417066693306,True,0.8198804271168312,False
44.1236619718,-79.9045070423,250.0,2026-03-24 08:45:00.000000,51820.9100081298,-8.145125266299999,57.4872807422,False,anomalous_eval_run_2,anomalous_eval,anomalous_eval_run_2.jsonl,52813.315243558674,-8.480694239067885,45.25360505549606,-992.4052354288724,0.3355689727678861,12.23367568670394,73.2552952842525,-1062.6368099280783,0.15092286,0.37241167,0.2727417066693306,True,0.7635204690858897,False
44.1461971831,-79.8707042254,250.0,2026-03-24 08:50:00.000000,51903.810524679,-8.1482405062,57.4698789945,False,anomalous_eval_run_2,anomalous_eval,anomalous_eval_run_2.jsonl,52816.27046558095,-8.476566552840278,45.27195338194805,-912.4599409019502,0.328326046640278,12.197925612551948,79.94529452692223,-990.1752356813158,0.15092286,0.37241167,0.2727417066693306,True,0.7020134691232922,False
44.1687323944,-79.8369014085,250.0,2026-03-24 08:55:00.000000,51990.8099477013,-8.1498042453,57.4611008956,False,anomalous_eval_run_2,anomalous_eval,anomalous_eval_run_2.jsonl,52819.22475219257,-8.472435287091313,45.29029470502744,-828.4148044912654,0.32263104179131297,12.170806190572556,84.04513641068479,-911.093326940696,0.15092286,0.37241167,0.2727417066693306,True,0.6373522000309921,False
44.1912676056,-79.8030985915,250.0,2026-03-24 09:00:00.000000,52729.1900522987,-8.1498042453,57.4611008956,True,anomalous_eval_run_2,anomalous_eval,anomalous_eval_run_2.jsonl,52822.17810279383,-8.468300446439605,45.30862902181558,-92.98805049512885,0.3184962011396042,12.152471873784421,735.4267539961365,-611.2875986294481,0.15655115,0.7911805,0.5055972889065743,True,0.071541621707327,False
44.2138028169,-79.7692957746,250.0,2026-03-24 09:05:00.000000,52816.189475321,-8.1482405062,57.4698789945,True,anomalous_eval_run_2,anomalous_eval,anomalous_eval_run_2.jsonl,52825.13051680901,-8.46416203547191,45.32695632963893,-8.941041488011251,0.3159215292719093,12.142922664861068,84.0470090071176,-310.1146321581352,0.15655115,0.7911805,0.5055972889065743,True,0.0068789119074856315,False
44.2363380282,-79.7354929577,250.0,2026-03-24 09:10:00.000000,52899.0899918702,-8.145125266299999,57.4872807422,True,anomalous_eval_run_2,anomalous_eval,anomalous_eval_run_2.jsonl,52828.081993638705,-8.460020058813402,45.34527662558097,71.00799823149282,0.31489479251340313,12.142004116619027,79.94903971950407,-10.307031250549093,0.15655115,0.7911805,0.5055972889065743,True,0.05463096946997636,False
44.2588732394,-79.7016901408,250.0,2026-03-24 09:15:00.000000,52975.3014439854,-8.1404829067,57.5129999561,True,anomalous_eval_run_2,anomalous_eval,anomalous_eval_run_2.jsonl,52831.032532681624,-8.455874521095186,45.363589906726396,144.2689113037777,0.31539161439518537,12.149410049373607,73.2609130722849,68.77862268241977,0.15655115,0.7911805,0.5055972889065743,True,0.11099524962256792,False
44.2814084507,-79.6678873239,250.0,2026-03-24 09:20:00.000000,53042.4426679821,-8.13434976,57.5465841081,True,anomalous_eval_run_2,anomalous_eval,anomalous_eval_run_2.jsonl,52833.982133366626,-8.451725426908496,45.381896170404715,208.46053461547126,0.3173756669084966,12.164687937695284,64.19162331169355,141.24581471691394,0.15655115,0.7911805,0.5055972889065743,True,0.16038194831440664,False
44.303943662,-79.634084507,250.0,2026-03-24 09:25:00.000000,53098.4158919395,-8.1267738265,57.587442287100004,True,anomalous_eval_run_2,anomalous_eval,anomalous_eval_run_2.jsonl,52836.93079509274,-8.447572780890951,45.40019541370278,261.4850968467581,0.32079895439095196,12.187246873397221,53.024562231286836,204.73818092200236,0.15655115,0.7911805,0.5055972889065743,True,0.20117711664139573,False
44.3264788732,-79.6002816901,250.0,2026-03-24 09:30:00.000000,52491.4722788457,-8.1178143982,57.6348555961,False,anomalous_eval_run_2,anomalous_eval,anomalous_eval_run_2.jsonl,52839.87851725916,-8.443416587683457,45.41848763370863,-348.4062384134595,0.32560218948345643,12.216367962391374,-609.8913352602176,40.513131016256615,0.14786191,0.7481345,0.4780118323862553,True,0.268051079427181,False
44.3490140845,-79.5664788732,250.0,2026-03-24 09:35:00.000000,52520.2665675618,-8.1075415947,57.6879898008,False,anomalous_eval_run_2,anomalous_eval,anomalous_eval_run_2.jsonl,52842.8252992952,-8.439256851886983,45.436772827754844,-322.5587317333993,0.3317152571869819,12.251216973045153,25.847506680060178,-136.4932911000336,0.14786191,0.7481345,0.4780118323862553,True,0.24816494851964743,False
44.3715492958,-79.5326760563,250.0,2026-03-24 09:40:00.000000,52533.8991043913,-8.0960358145,57.7459100081,False,anomalous_eval_run_2,anomalous_eval,anomalous_eval_run_2.jsonl,52845.77114060038,-8.435093578148921,45.455050992931625,-311.8720362090826,0.3390577636489205,12.290859015168373,10.686695524316747,-327.61233545198047,0.14786191,0.7481345,0.4780118323862553,True,0.23994299393052415,False
44.394084507,-79.4988732394,250.0,2026-03-24 09:45:00.000000,52531.9439520148,-8.0833871062,57.8075971156,False,anomalous_eval_run_2,anomalous_eval,anomalous_eval_run_2.jsonl,52848.716040574385,-8.430926771119921,45.47332212633035,-316.7720885595845,0.34753966491992117,12.334274989269645,-4.900052350501937,-317.06761883402214,0.14786191,0.7481345,0.4780118323862553,True,0.24371291586930133,False
44.4166197183,-79.4650704225,250.0,2026-03-24 09:50:00.000000,52514.4621975485,-8.0696944628,57.8719657425,False,anomalous_eval_run_2,anomalous_eval,anomalous_eval_run_2.jsonl,52851.659998646996,-8.426756435410661,45.49158622528671,-337.1978010984967,0.3570619726106621,12.380379517213292,-20.425712538912194,-321.94730862238794,0.14786191,0.7481345,0.4780118323862553,True,0.2594277156933713,False
44.4391549296,-79.4312676056,250.0,2026-03-24 09:55:00.000000,52482.0000439281,-8.055065048,57.9378833266,False,anomalous_eval_run_2,anomalous_eval,anomalous_eval_run_2.jsonl,52854.603014218206,-8.422582575678252,45.509843286894245,-372.6029702901069,0.3675175276782525,12.428040039705756,-35.405169191610184,-342.1909533160627,0.14786191,0.7481345,0.4780118323862553,True,0.2866671642816904,False
44.4616901408,-79.3974647887,250.0,2026-03-24 10:00:00.000000,52435.5717442504,-8.0396133568,58.0041900523,False,anomalous_eval_run_2,anomalous_eval,anomalous_eval_run_2.jsonl,52857.54508668822,-8.418405196583057,45.52809330824768,-421.9733424378137,0.37879183978305697,12.476096744052313,-49.3703721477068,-377.2580379421391,0.12998435,0.3371444,0.24392237961292268,True,0.32465093175433163,False
44.4842253521,-79.3636619718,250.0,2026-03-24 10:05:00.000000,52376.6279122753,-8.0234603195,58.0697192567,False,anomalous_eval_run_2,anomalous_eval,anomalous_eval_run_2.jsonl,52860.48621548725,-8.41422430274541,45.54633628668581,-483.8583032119568,0.3907639832454102,12.52338297001419,-61.88496077414311,-426.14487197995913,0.12998435,0.3371444,0.24392237961292268,True,0.37226296824184185,False
44.5067605634,-79.3298591549,250.0,2026-03-24 10:10:00.000000,52307.0101992014,-8.0067323557,58.1333179576,False,anomalous_eval_run_2,anomalous_eval,anomalous_eval_run_2.jsonl,52863.4264000158,-8.41003989883211,45.5645722193055,-556.4162008143976,0.4033075431321098,12.568745738294503,-72.55789760244079,-487.41594882138935,0.12998435,0.3371444,0.24392237961292268,True,0.42808637387851245,False
44.5292957746,-79.296056338,250.0,2026-03-24 10:15:00.000000,52228.893752799,-7.9895603842,58.1938671397,False,anomalous_eval_run_2,anomalous_eval,anomalous_eval_run_2.jsonl,52866.365639674565,-8.405851989513193,45.58280110320488,-637.4718868755663,0.41629160531319354,12.611066036495117,-81.05568606116867,-559.2487969673069,0.12998435,0.3371444,0.24392237961292268,True,0.4904476686743396,False
44.5518309859,-79.2622535211,250.0,2026-03-24 10:20:00.000000,52144.7192567207,-7.9720787991,58.250301444,False,anomalous_eval_run_2,anomalous_eval,anomalous_eval_run_2.jsonl,52869.30393389422,-8.401660579418609,45.60102293572578,-724.584677173516,0.4295817803186086,12.649278508274222,-87.11279029794969,-639.4909216211599,0.12998435,0.3371444,0.24392237961292268,True,0.557469079018802,False
44.5743661972,-79.2284507042,250.0,2026-03-24 10:25:00.000000,52057.1166733627,-7.9544244174,58.3016279123,False,anomalous_eval_run_2,anomalous_eval,anomalous_eval_run_2.jsonl,52872.24128207576,-8.3974656732248,45.61923771396848,-815.1246087130567,0.4430412558248005,12.682390198331518,-90.5399315395407,-725.7270575873796,0.12998435,0.3371444,0.24392237961292268,True,0.6271272071021348,False
44.5969014085,-79.1946478873,250.0,2026-03-24 10:30:00.000000,51968.8230728679,-7.9367354087,58.3469434586,False,anomalous_eval_run_2,anomalous_eval,anomalous_eval_run_2.jsonl,52875.1776836303,-8.393267275596989,45.63744543511521,-906.3546107624061,0.4565318668969889,12.709498023484791,-91.23000204934942,-815.3546322163262,0.117150806,0.14788787,0.1340561915189028,False,0.6973162503202752,False
44.6194366197,-79.1608450704,250.0,2026-03-24 10:35:00.000000,51882.5971156374,-7.9191502134,58.3854507586,False,anomalous_eval_run_2,anomalous_eval,anomalous_eval_run_2.jsonl,52878.11313795918,-8.389065391218036,45.65564609626858,-995.5160223217827,0.46991517781803616,12.729804662331418,-89.16141155937657,-905.6650805990818,0.117150806,0.14788787,0.1340561915189028,False,0.7659137953027497,False
44.641971831,-79.1270422535,250.0,2026-03-24 10:40:00.000000,51801.1328602713,-7.9018064595,58.4164722788,False,anomalous_eval_run_2,anomalous_eval,anomalous_eval_run_2.jsonl,52881.04764449371,-8.384860024730658,45.673839694774564,-1079.914784222412,0.4830535652306578,12.742632584025436,-84.39876190062932,-993.9284724355335,0.117150806,0.14788787,0.1340561915189028,False,0.8308471309766479,False
44.6645070423,-79.0932394366,250.0,2026-03-24 10:45:00.000000,51726.9755899398,-7.8848398854,58.4394621975,False,anomalous_eval_run_2,anomalous_eval,anomalous_eval_run_2.jsonl,52883.98120263554,-8.38065118082409,45.6920262277379,-1157.0056126957425,0.4958112954240903,12.747435969762101,-77.09082847333048,-1077.4788064133124,0.117150806,0.14788787,0.1340561915189028,False,0.89015800864724,False
44.6870422535,-79.0594366197,250.0,2026-03-24 10:50:00.000000,51662.4422871193,-7.8683832776,58.4540160085,False,anomalous_eval_run_2,anomalous_eval,anomalous_eval_run_2.jsonl,52886.91381178651,-8.376438864190774,45.71020569226456,-1224.4715246672058,0.5080555865907748,12.74381031623544,-67.46591197146336,-1153.79730719512,0.117150806,0.14788787,0.1340561915189028,False,0.9420638258646372,False
44.7095774648,-79.0256338028,250.0,2026-03-24 10:55:00.000000,51609.549241394,-7.8525654312,58.4598776383,False,anomalous_eval_run_2,anomalous_eval,anomalous_eval_run_2.jsonl,52889.84547137839,-8.372223079482952,45.728378085703596,-1280.2962299843857,0.5196576482829514,12.731499552596404,-55.824705317179905,-1220.5911224491113,0.117150806,0.14788787,0.1340561915189028,False,0.9850133223693941,False
44.7321126761,-78.9918309859,250.0,2026-03-24 11:00:00.000000,51569.9490521586,-7.8375101425,58.456943952,False,anomalous_eval_run_2,anomalous_eval,anomalous_eval_run_2.jsonl,52892.77618081333,-8.368003831399404,45.74654340516314,-1322.8271286547315,0.5304936888994041,12.710400546836865,-42.53089867034578,-1275.8649611021076,0.10855285,0.16017923,0.13694735802710056,False,1.0177350478743925,True
44.7546478873,-78.958028169,250.0,2026-03-24 11:05:00.000000,51544.8789945191,-7.8233352394,58.4452665676,False,anomalous_eval_run_2,anomalous_eval,anomalous_eval_run_2.jsonl,52895.70593949366,-8.363781124642106,45.76470164775253,-1350.8269449745567,0.5404458852421055,12.68056491984747,-27.999816319825186,-1317.9834345378913,0.10855285,0.16017923,0.13694735802710056,False,1.0392770874844444,True
44.7771830986,-78.9242253521,250.0,2026-03-24 11:10:00.000000,51535.1223616574,-7.8101516598,58.4250509478,False,anomalous_eval_run_2,anomalous_eval,anomalous_eval_run_2.jsonl,52898.63474685163,-8.359554963872784,45.78285281082392,-1363.5123851942335,0.5494033040727837,12.642198136976084,-12.68544021967682,-1345.7221529411738,0.10855285,0.16017923,0.13694735802710056,False,1.0490368034969288,True
44.7997183099,-78.8904225352,250.0,2026-03-24 11:15:00.000000,51540.9839914843,-7.7980625831,58.3966527854,False,anomalous_eval_run_2,anomalous_eval,anomalous_eval_run_2.jsonl,52901.56260228989,-8.355325353799728,45.800996891488815,-1360.5786108055836,0.5572627706997277,12.595655893911186,2.9337743886499084,-1358.3059803247913,0.10855285,0.16017923,0.13694735802710056,False,1.0467796642583937,True
44.8222535211,-78.8566197183,250.0,2026-03-24 11:20:00.000000,51562.280742232,-7.7871626227,58.3605717443,False,anomalous_eval_run_2,anomalous_eval,anomalous_eval_run_2.jsonl,52904.489505211255,-8.351092299134406,45.81913388685994,-1342.2087629792586,0.5639296764344053,12.541437857440066,18.369847826324985,-1355.4332529930252,0.10855285,0.16017923,0.13694735802710056,False,1.03264657192003,True
44.8447887324,-78.8228169014,250.0,2026-03-24 11:25:00.000000,51598.3472145666,-7.7775370855,58.317442668,False,anomalous_eval_run_2,anomalous_eval,anomalous_eval_run_2.jsonl,52907.41545504844,-8.346855804547982,45.83726379429255,-1309.0682404818363,0.569318719047982,12.480178873707452,33.14052249742235,-1337.2852047555596,0.10855285,0.16017923,0.13694735802710056,False,1.0071494600753423,True
44.8673239437,-78.7890140845,250.0,2026-03-24 11:30:00.000000,51648.0565414389,-7.7692613045000005,58.2680244101,False,anomalous_eval_run_2,anomalous_eval,anomalous_eval_run_2.jsonl,52910.3404512046,-8.342615874758215,45.85538661090151,-1262.2839097657052,0.5733545702582141,12.412637799198485,46.78433071613108,-1304.5203044089333,0.09701714,0.16056105,0.13196629285812378,False,0.9711552987599671,False
44.8898591549,-78.7552112676,250.0,2026-03-24 11:35:00.000000,51709.8555961125,-7.7624000488,58.2131864817,False,anomalous_eval_run_2,anomalous_eval,anomalous_eval_run_2.jsonl,52913.264493083065,-8.338372514486027,45.873502333802946,-1203.4088969705626,0.5759724656860268,12.339684147897053,58.87501279514254,-1258.2536824060346,0.09701714,0.16056105,0.13196629285812378,False,0.9258590066990343,False
44.9123943662,-78.7214084507,250.0,2026-03-24 11:40:00.000000,51781.8135183212,-7.7570070171,58.1538937528,False,anomalous_eval_run_2,anomalous_eval,anomalous_eval_run_2.jsonl,52916.187580117,-8.334125728411983,45.891610960355216,-1134.3740617958028,0.5771187113119831,12.262282792444786,69.03483517475979,-1200.0222895106901,0.09701714,0.16056105,0.13196629285812378,False,0.8727461170707153,False
44.9349295775,-78.6876056338,250.0,2026-03-24 11:45:00.000000,51861.6820423987,-7.7531244172000005,58.0911894753,False,anomalous_eval_run_2,anomalous_eval,anomalous_eval_run_2.jsonl,52919.109711710065,-8.329875521263268,45.90971248767657,-1057.4276693113643,0.576751104063268,12.181476987623427,76.94639248443855,-1131.7368760259099,0.09701714,0.16056105,0.13196629285812378,False,0.8135463631931611,False
44.9574647887,-78.6538028169,250.0,2026-03-24 11:50:00.000000,51946.965742477,-7.7507826356,58.0261769271,False,anomalous_eval_run_2,anomalous_eval,anomalous_eval_run_2.jsonl,52922.03088726608,-8.325621897770212,45.927806912886524,-975.065144789085,0.5748392621702116,12.09837001421348,82.36252452227927,-1055.6222919654174,0.09701714,0.16056105,0.13196629285812378,False,0.750179634448353,False
44.98,-78.62,250.0,2026-03-24 11:55:00.000000,52035.0,-7.75,57.96,False,anomalous_eval_run_2,anomalous_eval,anomalous_eval_run_2.jsonl,52924.951106218694,-8.321364862622742,45.945894233346515,-889.9511062186939,0.5713648626227421,12.014105766653486,85.11403857039113,-974.1479734397144,0.09701714,0.16056105,0.13196629285812378,False,0.6846959909375694,False
43.56,-81.24,500.0,2026-03-24 12:00:00.000000,52070.0,-7.7,57.92,False,anomalous_eval_run_3,anomalous_eval,anomalous_eval_run_3_fallback.jsonl,52728.459166673136,-8.594400137720374,44.79239754517765,-658.4591666731358,0.8944001377203739,13.127602454822352,231.49193954555813,-841.1584725603049,0.115143396,0.15639208,0.13783017359673977,False,0.5065945179087172,False
43.5825352113,-81.2061971831,500.0,2026-03-24 12:05:00.000000,52158.034257523,-7.7007826355999995,57.9861769271,False,anomalous_eval_run_3,anomalous_eval,anomalous_eval_run_3_fallback.jsonl,52731.438542106036,-8.590402434381707,44.81092011728632,-573.4042845830336,0.8896197987817072,13.175256809813675,85.05488209010218,-707.2715191582878,0.115143396,0.15639208,0.13783017359673977,False,0.44115638724084016,False
43.6050704225,-81.1723943662,500.0,2026-03-24 12:10:00.000000,52243.3179576013,-7.7031244172,58.0511894753,False,anomalous_eval_run_3,anomalous_eval,anomalous_eval_run_3_fallback.jsonl,52734.41700049891,-8.586400999087175,44.82943575726007,-491.09904289760743,0.8832765818871753,13.221753718039928,82.30524168542615,-574.3208313845922,0.115143396,0.15639208,0.13783017359673977,False,0.3778337298258712,False
43.6276056338,-81.1385915493,500.0,2026-03-24 12:15:00.000000,52323.1864816788,-7.7070070171000005,58.1138937528,False,anomalous_eval_run_3,anomalous_eval,anomalous_eval_run_3_fallback.jsonl,52737.394541275935,-8.582395836301792,44.84794446239896,-414.2080595971347,0.8753888192017918,13.265949290401046,76.89098330047273,-492.9037956925919,0.115143396,0.15639208,0.13783017359673977,False,0.31867660575781714,False
43.6501408451,-81.1047887324,500.0,2026-03-24 12:20:00.000000,52395.1444038875,-7.7124000488,58.1731864817,False,anomalous_eval_run_3,anomalous_eval,anomalous_eval_run_3_fallback.jsonl,52740.371163831114,-8.578386950536801,44.86644622975756,-345.22675994361634,0.8659869017368012,13.306740251942443,68.98129965351836,-416.84462081278616,0.115143396,0.15639208,0.13783017359673977,False,0.26560490441109086,False
43.6726760563,-81.0709859155,500.0,2026-03-24 12:25:00.000000,52456.9434585611,-7.7192613045,58.2280244101,False,anomalous_eval_run_3,anomalous_eval,anomalous_eval_run_3_fallback.jsonl,52743.346867558634,-8.574374346306897,44.884941056391675,-286.4034089975321,0.8551130418068968,13.343083353708323,58.82335094608425,-348.61274284609436,0.115143396,0.15639208,0.13783017359673977,False,0.22034835909656633,False
43.6952112676,-81.0371830986,500.0,2026-03-24 12:30:00.000000,52506.6527854334,-7.7275370855,58.277442668,False,anomalous_eval_run_3,anomalous_eval,anomalous_eval_run_3_fallback.jsonl,52746.3216518831,-8.570358028087325,44.903428939604396,-239.6688664497051,0.8428209425873252,13.374013728395603,46.734542547827004,-290.4330117969512,0.115241975,0.1316729,0.12427898570895196,False,0.18439250298582055,False
43.7177464789,-81.0033802817,500.0,2026-03-24 12:35:00.000000,52542.719257768,-7.7371626227,58.3205717443,False,anomalous_eval_run_3,anomalous_eval,anomalous_eval_run_3_fallback.jsonl,52749.29551619901,-8.566338000399606,44.92190987645363,-206.57625843100686,0.829175377699606,13.398661867846364,33.09260801869823,-244.2161779594147,0.115241975,0.1316729,0.12427898570895196,False,0.1589322547971935,False
43.7402816901,-80.9695774648,500.0,2026-03-24 12:40:00.000000,52564.0160085157,-7.7480625831,58.3566527854,False,anomalous_eval_run_3,anomalous_eval,anomalous_eval_run_3_fallback.jsonl,52752.268459900995,-8.562314267768679,44.94038386399852,-188.25245138529863,0.8142516846686787,13.416268921401482,18.323807045708236,-211.49919208867018,0.115241975,0.1316729,0.12427898570895196,False,0.1448345845597603,False
43.7628169014,-80.9357746479,500.0,2026-03-24 12:45:00.000000,52569.8776383426,-7.7601516598,58.3850509478,False,anomalous_eval_run_3,anomalous_eval,anomalous_eval_run_3_fallback.jsonl,52755.240482414134,-8.55828683468,44.95885089954515,-185.3628440715329,0.7981351748800005,13.426200048254856,2.8896073137657368,-193.39718462927945,0.115241975,0.1316729,0.12427898570895196,False,0.14261142586115974,False
43.7853521127,-80.901971831,500.0,2026-03-24 12:50:00.000000,52560.1210054809,-7.7733352394,58.4052665676,False,anomalous_eval_run_3,anomalous_eval,anomalous_eval_run_3_fallback.jsonl,52758.21158313339,-8.554255705665312,44.97731098015476,-198.09057765248872,0.7809204662653126,13.42795558744524,-12.727733580955828,-190.5686243697734,0.115241975,0.1316729,0.12427898570895196,False,0.15240368084652567,False
43.8078873239,-80.8681690141,500.0,2026-03-24 12:55:00.000000,52535.0509478414,-7.7875101425,58.416943952,False,anomalous_eval_run_3,anomalous_eval,anomalous_eval_run_3_fallback.jsonl,52761.18176145386,-8.550220885259778,44.9957641028898,-226.13081361245713,0.7627107427597775,13.421179849110196,-28.040235959968413,-203.19474511215958,0.115241975,0.1316729,0.12427898570895196,False,0.1739768178566121,False
43.8304225352,-80.8343661972,500.0,2026-03-24 13:00:00.000000,52495.450758606,-7.8025654312,58.4198776383,False,anomalous_eval_run_3,anomalous_eval,anomalous_eval_run_3_fallback.jsonl,52764.15101680108,-8.546182377959008,45.01421026505941,-268.7002581950801,0.7436169467590084,13.40566737324059,-42.569444582622964,-230.97388315334197,0.11253319,0.11634986,0.11463235877454281,False,0.20672819918362,False
43.8529577465,-80.8005633803,500.0,2026-03-24 13:05:00.000000,52442.5577128807,-7.8183832776,58.4140160085,False,anomalous_eval_run_3,anomalous_eval,anomalous_eval_run_3_fallback.jsonl,52767.11934857047,-8.54214018830494,45.03264946372815,-324.56163568977354,0.7237569107049397,13.38136654477185,-55.86137749469344,-273.13090249910357,0.11253319,0.11634986,0.11463235877454281,False,0.24970590992705471,False
43.8754929577,-80.7667605634,500.0,2026-03-24 13:10:00.000000,52378.0244100602,-7.8348398854,58.3994621975,False,anomalous_eval_run_3,anomalous_eval,anomalous_eval_run_3_fallback.jsonl,52770.086756157645,-8.538094320842909,45.05108169596179,-392.0623460974457,0.7032544354429087,13.348380501538209,-67.50071040767216,-328.4414133274331,0.11253319,0.11634986,0.11463235877454281,False,0.30163849979476554,False
43.898028169,-80.7329577465,500.0,2026-03-24 13:15:00.000000,52303.8671397287,-7.8518064595,58.3764722788,False,anomalous_eval_run_3,anomalous_eval,anomalous_eval_run_3_fallback.jsonl,52773.053238988556,-8.534044780078649,45.06950695907253,-469.1860992598522,0.6822383205786489,13.306965319727475,-77.1237531624065,-395.27002701569046,0.11253319,0.11634986,0.11463235877454281,False,0.36097470852282343,False
43.9205633803,-80.6991549296,500.0,2026-03-24 13:20:00.000000,52222.4028843626,-7.8691502134,58.3454507586,False,anomalous_eval_run_3,anomalous_eval,anomalous_eval_run_3_fallback.jsonl,52776.01879645911,-8.529991570564246,45.08792525012824,-553.6159120965094,0.6608413571642453,13.257525508471765,-84.42981283665722,-471.62145248460246,0.11253319,0.11634986,0.11463235877454281,False,0.425931933656788,False
43.943098591500004,-80.6653521127,500.0,2026-03-24 13:25:00.000000,52136.1769271321,-7.8867354087,58.3069434586,False,anomalous_eval_run_3,anomalous_eval,anomalous_eval_run_3_fallback.jsonl,52778.983427965395,-8.525934696855172,45.10633656619801,-642.8065008332924,0.6391992881551722,13.200606892401993,-89.19058873678296,-555.2028373965513,0.11253319,0.11634986,0.11463235877454281,False,0.49455192649764196,False
43.9656338028,-80.6315492958,500.0,2026-03-24 13:30:00.000000,52047.8833266373,-7.9044244174,58.2616279123,False,anomalous_eval_run_3,anomalous_eval,anomalous_eval_run_3_fallback.jsonl,52781.947132933805,-8.521874163467245,45.1247409045971,-734.0638062965081,0.6174497460672459,13.136887007702903,-91.25730546321574,-643.49540640877,0.12739977,0.10782392,0.11663305535912515,False,0.5647619759686906,False
43.9881690141,-80.5977464789,500.0,2026-03-24 13:35:00.000000,51960.2807432793,-7.9220787991,58.210301444,False,anomalous_eval_run_3,anomalous_eval,anomalous_eval_run_3_fallback.jsonl,52784.90991076074,-8.517809974962663,45.14313826239672,-824.629167481442,0.5957311758626629,13.067163181603284,-90.56536118493386,-733.8331582037475,0.12739977,0.10782392,0.11663305535912515,False,0.634439668695665,False
44.0107042254,-80.563943662,500.0,2026-03-24 13:40:00.000000,51876.1062472011,-7.9395603842,58.1538671397,False,anomalous_eval_run_3,anomalous_eval,anomalous_eval_run_3_fallback.jsonl,52787.8717608528,-8.513742135892638,45.161528636750866,-911.7655136516987,0.5741817516926382,12.992338502949131,-87.13634617025673,-823.4861624765496,0.12739977,0.10782392,0.11663305535912515,False,0.7014792020709535,False
44.0332394366,-80.5301408451,500.0,2026-03-24 13:45:00.000000,51797.9898007986,-7.9567323557,58.0933179576,False,anomalous_eval_run_3,anomalous_eval,anomalous_eval_run_3_fallback.jsonl,52790.83268260672,-8.509670650826093,45.17991202473309,-992.8428818081229,0.5529382951260935,12.913405932866908,-81.0773681564242,-909.7458543137545,0.12739977,0.10782392,0.11663305535912515,False,0.7638571782817403,False
44.0557746479,-80.4963380282,500.0,2026-03-24 13:50:00.000000,51728.3720877247,-7.9734603195,58.0297192567,False,anomalous_eval_run_3,anomalous_eval,anomalous_eval_run_3_fallback.jsonl,52793.792675449484,-8.505595524292234,45.19828842366271,-1065.4205877247805,0.5321352047922341,12.831430833037288,-72.57770591665758,-990.0096610615341,0.12739977,0.10782392,0.11663305535912515,False,0.8196958237144364,False
44.0783098592,-80.4625352113,500.0,2026-03-24 13:55:00.000000,51669.4282557496,-7.9896133568,57.9641900523,False,anomalous_eval_run_3,anomalous_eval,anomalous_eval_run_3_fallback.jsonl,52796.751738778126,-8.501516760866668,45.21665783061537,-1127.3234830285292,0.5119034040666683,12.74753222168463,-61.902895303748664,-1061.8623175204775,0.12739977,0.10782392,0.11663305535912515,False,0.8673216583762895,False
44.1008450704,-80.4287323944,500.0,2026-03-24 14:00:00.000000,51622.9999560719,-8.005065048,57.8978833266,False,anomalous_eval_run_3,anomalous_eval,anomalous_eval_run_3_fallback.jsonl,52799.70987198987,-8.497434365128369,45.23502024266795,-1176.7099159179706,0.49236931712836807,12.662863083932052,-49.386432889441494,-1123.1513288904268,0.15262699,0.0953235,0.12111007273197175,False,0.9053177823990831,False
44.1233802817,-80.3949295775,500.0,2026-03-24 14:05:00.000000,51590.5378024515,-8.0196944628,57.8319657425,False,anomalous_eval_run_3,anomalous_eval,anomalous_eval_run_3_fallback.jsonl,52802.667074512145,-8.493348341616523,45.25337565714283,-1212.1292720606434,0.4736538788165223,12.57859008535717,-35.41935614267277,-1172.0542236690478,0.15262699,0.0953235,0.12111007273197175,False,0.9325681459112091,False
44.145915493,-80.3611267606,500.0,2026-03-24 14:10:00.000000,51573.0560479852,-8.0333871062,57.7675971156,False,anomalous_eval_run_3,anomalous_eval,anomalous_eval_run_3_fallback.jsonl,52805.623345742475,-8.489258694916765,45.27172407111901,-1232.5672977572758,0.45587158871676614,12.495873044480987,-20.438025696632394,-1207.1354952452966,0.15262699,0.0953235,0.12111007273197175,False,0.9482924190306858,False
44.1684507042,-80.3273239437,500.0,2026-03-24 14:15:00.000000,51571.1008956087,-8.0460358145,57.7059100081,False,anomalous_eval_run_3,anomalous_eval,anomalous_eval_run_3_fallback.jsonl,52808.578685078544,-8.485165429618062,45.290065481676685,-1237.4777894698418,0.4391296151180626,12.415844526423314,-4.9104917125659995,-1227.3914530959203,0.15262699,0.0953235,0.12111007273197175,False,0.9520703726346896,False
44.1909859155,-80.2935211268,500.0,2026-03-24 14:20:00.000000,51584.7334324382,-8.0575415947,57.6479898008,False,anomalous_eval_run_3,anomalous_eval,anomalous_eval_run_3_fallback.jsonl,52811.53309194826,-8.481068550269558,45.308399886141316,-1226.7996595100558,0.42352695556955844,12.339589914658681,10.67812995978602,-1232.2815822457244,0.15262699,0.0953235,0.12111007273197175,False,0.9438550080791686,False
44.2135211268,-80.2597183099,500.0,2026-03-24 14:25:00.000000,51613.5277211543,-8.0678143982,57.5948555961,False,anomalous_eval_run_3,anomalous_eval,anomalous_eval_run_3_fallback.jsonl,52814.48656574961,-8.47696806146686,45.32672728159523,-1200.9588445953123,0.40915366326686,12.268128314504764,25.840814914743532,-1221.7454311917365,0.15262699,0.0953235,0.12111007273197175,False,0.9239740255723198,False
44.236056338,-80.225915493,500.0,2026-03-24 14:30:00.000000,51656.5841080605,-8.0767738265,57.5474422871,False,anomalous_eval_run_3,anomalous_eval,anomalous_eval_run_3_fallback.jsonl,52817.439105880774,-8.472863967808902,45.34504766512199,-1160.8549978202718,0.3960901413089015,12.202394621978009,40.10384677504044,-1196.20450064188,0.17539471,0.45090324,0.3269244015216828,True,0.8931195854618794,False
44.2585915493,-80.1921126761,500.0,2026-03-24 14:35:00.000000,51712.5573320179,-8.08434976,57.5065841081,False,anomalous_eval_run_3,anomalous_eval,anomalous_eval_run_3_fallback.jsonl,52820.39071177011,-8.468756273854734,45.36336103405011,-1107.8333797522064,0.38440651385473323,12.143223074049892,53.021618068065436,-1156.54907405593,0.17539471,0.45090324,0.3269244015216828,True,0.8523266822669188,False
44.2811267606,-80.1583098592,500.0,2026-03-24 14:40:00.000000,51779.6985560146,-8.0904829067,57.4729999561,False,anomalous_eval_run_3,anomalous_eval,anomalous_eval_run_3_fallback.jsonl,52823.34138281609,-8.464644984209901,45.381667385465256,-1043.6428268014934,0.3741620775099008,12.09133257063474,64.19055295071303,-1104.1104014579905,0.17539471,0.45090324,0.3269244015216828,True,0.8029408070718621,False
44.3036619718,-80.1245070423,500.0,2026-03-24 14:45:00.000000,51855.9100081298,-8.0951252663,57.4472807422,False,anomalous_eval_run_3,anomalous_eval,anomalous_eval_run_3_fallback.jsonl,52826.291118417386,-8.460530103483263,45.399966716454344,-970.3811102875843,0.365404837183263,12.047314025745656,73.26171651390905,-1040.6191056137613,0.17539471,0.45090324,0.3269244015216828,True,0.7465759087805266,False
44.3261971831,-80.0907042254,500.0,2026-03-24 14:50:00.000000,51938.810524679,-8.0982405062,57.4298789945,False,anomalous_eval_run_3,anomalous_eval,anomalous_eval_run_3_fallback.jsonl,52829.2399180028,-8.45641163624374,45.41825902434897,-890.4293933238005,0.3581711300437398,12.011619970151031,79.95171696378384,-968.151110137626,0.17539471,0.45090324,0.3269244015216828,True,0.6850639676287553,False
44.3487323944,-80.0569014085,500.0,2026-03-24 14:55:00.000000,52025.8099477013,-8.0998042453,57.4211008956,False,anomalous_eval_run_3,anomalous_eval,anomalous_eval_run_3_fallback.jsonl,52832.18778097129,-8.452289587106769,45.43654430623814,-806.3778332699876,0.35248534180676927,11.984556589361858,84.05156005381286,-889.0627789604574,0.17539471,0.45090324,0.3269244015216828,True,0.6203977564192241,False
44.3712676056,-80.0230985915,500.0,2026-03-24 15:00:00.000000,53014.1900522987,-8.0998042453,57.4211008956,True,anomalous_eval_run_3,anomalous_eval,anomalous_eval_run_3_fallback.jsonl,52835.13470672409,-8.448163960688502,45.45482255921214,179.05534557460487,0.3483597153885025,11.966278336387859,985.4331788445925,-505.91729367306107,0.19123125,1.0838978,0.6821978688240051,True,0.13775866608198364,False
44.3938028169,-79.9892957746,500.0,2026-03-24 15:05:00.000000,53101.189475321,-8.0982405062,57.4298789945,True,anomalous_eval_run_3,anomalous_eval,anomalous_eval_run_3_fallback.jsonl,52838.08069468631,-8.444034761572869,45.4730937806056,263.10878063469136,0.34579425537286923,11.956785213894399,84.05343506008649,-121.40456902023045,0.19123125,1.0838978,0.6821978688240051,True,0.20242631985310006,False
44.4163380282,-79.9554929577,500.0,2026-03-24 15:10:00.000000,53184.0899918702,-8.0951252663,57.4472807422,True,anomalous_eval_run_3,anomalous_eval,anomalous_eval_run_3_fallback.jsonl,52841.025744259474,-8.439901994382582,45.49135796751094,343.0642476107241,0.3447767280825822,11.955922774689057,79.95546697603277,261.7427912733401,0.19123125,1.0838978,0.6821978688240051,True,0.2639411461278122,False
44.4388732394,-79.9216901408,500.0,2026-03-24 15:15:00.000000,53260.3014439854,-8.0904829067,57.4729999561,True,anomalous_eval_run_3,anomalous_eval,anomalous_eval_run_3_fallback.jsonl,52843.96985484323,-8.435765663746219,45.50961511702175,416.33158914217347,0.3452827570462187,11.963384839078245,73.26734153144935,340.83487246252963,0.19123125,1.0838978,0.6821978688240051,True,0.32031037210291813,False
44.4614084507,-79.8878873239,500.0,2026-03-24 15:20:00.000000,53327.4426679821,-8.08434976,57.5065841081,True,anomalous_eval_run_3,anomalous_eval,anomalous_eval_run_3_fallback.jsonl,52846.913025867274,-8.43162577425233,45.52786522647577,480.5296421148232,0.3472760142523299,11.978718881624232,64.19805297264975,413.30849295590696,0.19123125,1.0838978,0.6821978688240051,True,0.36970201754188603,False
44.483943662,-79.854084507,500.0,2026-03-24 15:25:00.000000,53383.4158919395,-8.0767738265,57.5474422871,True,anomalous_eval_run_3,anomalous_eval,anomalous_eval_run_3_fallback.jsonl,52849.85525673157,-8.427482330536021,45.54610829296875,533.5606352079267,0.35070850403602094,12.001333994131244,53.03099309310346,476.8072888216411,0.19123125,1.0838978,0.6821978688240051,True,0.4105021335399026,False
44.5064788732,-79.8202816901,500.0,2026-03-24 15:30:00.000000,53426.4722788457,-8.0678143982,57.5948555961,True,anomalous_eval_run_3,anomalous_eval,anomalous_eval_run_3_fallback.jsonl,52852.796546836245,-8.42333533723568,45.56434431359767,573.6757320094548,0.3555209390356797,12.030511282502324,40.115096801528125,529.2553364440682,0.18067588,1.0353274,0.6507342346012593,True,0.4413652290112725,False
44.5290140845,-79.7864788732,500.0,2026-03-24 15:35:00.000000,53455.2665675618,-8.0575415947,57.6479898008,True,anomalous_eval_run_3,anomalous_eval,anomalous_eval_run_3_fallback.jsonl,52855.73689561146,-8.419184798949598,45.58257328570333,599.5296719503385,0.3616432042495976,12.065416515096665,25.85393994088372,568.9220130559066,0.18067588,1.0353274,0.6507342346012593,True,0.4612563094355422,False
44.5515492958,-79.7526760563,500.0,2026-03-24 15:40:00.000000,52568.8991043913,-8.0460358145,57.7059100081,False,anomalous_eval_run_3,anomalous_eval,anomalous_eval_run_3_fallback.jsonl,52858.67630245765,-8.415030720322662,45.60079520638487,-289.77719806635287,0.36899490582266203,12.105114801715125,-889.3068700166914,294.4760686311468,0.18067588,1.0353274,0.6507342346012593,True,0.22294402961548462,False
44.574084507,-79.7188732394,500.0,2026-03-24 15:45:00.000000,52566.9439520148,-8.0333871062,57.7675971156,False,anomalous_eval_run_3,anomalous_eval,anomalous_eval_run_3_fallback.jsonl,52861.614766775434,-8.410873106003018,45.619010072742604,-294.6708147606332,0.3774859998030191,12.148587042857393,-4.893616694280354,5.027219707784146,0.18067588,1.0353274,0.6507342346012593,True,0.22670900019459364,False
44.5966197183,-79.6850704225,500.0,2026-03-24 15:50:00.000000,52549.4621975485,-8.0196944628,57.8319657425,False,anomalous_eval_run_3,anomalous_eval,anomalous_eval_run_3_fallback.jsonl,52864.55228799545,-8.406711960598672,45.637217882120446,-315.0900904469527,0.3870174977986718,12.194747860379557,-20.419275686319452,-299.84603442464623,0.18067588,1.0353274,0.6507342346012593,True,0.24241884773855105,False
44.6191549296,-79.6512676056,500.0,2026-03-24 15:55:00.000000,52517.0000439281,-8.005065048,57.8978833266,False,anomalous_eval_run_3,anomalous_eval,anomalous_eval_run_3_fallback.jsonl,52867.488865518615,-8.40254728876424,45.65541863162088,-350.4888215905157,0.3974822407642389,12.24246469497912,-35.398731143563055,-320.0832422660339,0.18067588,1.0353274,0.6507342346012593,True,0.2696533431270185,False
44.6416901408,-79.6174647887,500.0,2026-03-24 16:00:00.000000,52470.5717442504,-7.9896133568,57.9641900523,False,anomalous_eval_run_3,anomalous_eval,anomalous_eval_run_3_fallback.jsonl,52870.42449874604,-8.398379095157594,45.6736123183476,-399.8527544956378,0.40876573835759444,12.290577733952396,-49.363932905122056,-355.14388884436875,0.14956178,0.4093015,0.2924186192452908,True,0.30763215648077424,False
44.6642253521,-79.5836619718,500.0,2026-03-24 16:05:00.000000,52411.6279122753,-7.9734603195,58.0297192567,False,anomalous_eval_run_3,anomalous_eval,anomalous_eval_run_3_fallback.jsonl,52873.35918710882,-8.394207384396404,45.691798939647605,-461.73127483352437,0.42074706489640423,12.337920317052394,-61.878520337886584,-404.02428363989264,0.14956178,0.4093015,0.2924186192452908,True,0.35523923793103135,False
44.6867605634,-79.5498591549,500.0,2026-03-24 16:10:00.000000,52342.0101992014,-7.9567323557,58.0933179576,False,anomalous_eval_run_3,anomalous_eval,anomalous_eval_run_3_fallback.jsonl,52876.29293000837,-8.390032161144983,45.70997849262674,-534.2827308069682,0.4332998054449835,12.383339464973261,-72.55145597344381,-465.28892004537676,0.14956178,0.4093015,0.2924186192452908,True,0.4110576876127978,False
44.7092957746,-79.516056338,500.0,2026-03-24 16:15:00.000000,52263.893752799,-7.9395603842,58.1538671397,False,anomalous_eval_run_3,anomalous_eval,anomalous_eval_run_3_fallback.jsonl,52879.22572684629,-8.385853430070885,45.7281509743921,-615.3319740472944,0.4462930458708847,12.425716165307897,-81.04924324032618,-537.1153265625957,0.14956178,0.4093015,0.2924186192452908,True,0.47341402553675815,False
44.7318309859,-79.4822535211,500.0,2026-03-24 16:20:00.000000,52179.7192567207,-7.9220787991,58.210301444,False,anomalous_eval_run_3,anomalous_eval,anomalous_eval_run_3_fallback.jsonl,52882.15757705413,-8.381671195801404,45.74631638229374,-702.4383203334291,0.45959239670140395,12.46398506170626,-87.1063462861348,-617.3510083958972,0.14956178,0.4093015,0.2924186192452908,True,0.540430478093063,False
44.7543661972,-79.4484507042,500.0,2026-03-24 16:25:00.000000,52092.1166733627,-7.9044244174,58.2616279123,False,anomalous_eval_run_3,anomalous_eval,anomalous_eval_run_3_fallback.jsonl,52885.08848003381,-8.377485463010508,45.76447471344093,-792.9718066711066,0.47306104561050866,12.497153198859067,-90.53348633767746,-703.5807003506101,0.14956178,0.4093015,0.2924186192452908,True,0.6100836474726584,False
44.7769014085,-79.4146478873,500.0,2026-03-24 16:30:00.000000,52003.8230728679,-7.8867354087,58.3069434586,False,anomalous_eval_run_3,anomalous_eval,anomalous_eval_run_3_fallback.jsonl,52888.01843519734,-8.373296236360888,45.78262596502463,-884.1953623294394,0.48656082766088815,12.524317493575374,-91.22355565833277,-793.2018297779917,0.1306119,0.12547043,0.12778408974409106,False,0.6802677310721701,False
44.7994366197,-79.3808450704,500.0,2026-03-24 16:35:00.000000,51917.5971156374,-7.8691502134,58.3454507586,False,anomalous_eval_run_3,anomalous_eval,anomalous_eval_run_3_fallback.jsonl,52890.94744194698,-8.369103520532933,45.800770134156416,-973.3503263095772,0.49995330713293296,12.544680624443586,-89.15496398013784,-883.505831770041,0.1306119,0.12547043,0.12778408974409106,False,0.748860315521841,False
44.821971831,-79.3470422535,500.0,2026-03-24 16:40:00.000000,51836.1328602713,-7.8518064595,58.3764722788,False,anomalous_eval_run_3,anomalous_eval,anomalous_eval_run_3_fallback.jsonl,52893.875499714886,-8.36490732016672,45.81890721819051,-1057.7426394435897,0.5131008606667207,12.557565060609491,-84.39231313401251,-971.7627760275354,0.1306119,0.12547043,0.12778408974409106,False,0.8137886897494099,False
44.8445070423,-79.3132394366,500.0,2026-03-24 16:45:00.000000,51761.9755899398,-7.8348398854,58.3994621975,False,anomalous_eval_run_3,anomalous_eval,anomalous_eval_run_3_fallback.jsonl,52896.80260790364,-8.360707639949025,45.83703721424066,-1134.827017963842,0.5258677545490249,12.56242498325934,-77.08437852025236,-1055.306661239003,0.1306119,0.12547043,0.12778408974409106,False,0.8730946050608529,False
44.8670422535,-79.2794366197,500.0,2026-03-24 16:50:00.000000,51697.4422871193,-7.8183832776,58.4140160085,False,anomalous_eval_run_3,anomalous_eval,anomalous_eval_run_3_fallback.jsonl,52899.728765916014,-8.356504484569822,45.855160119421804,-1202.286478796712,0.538121206969822,12.558855889078195,-67.45946083286981,-1131.618712068048,0.1306119,0.12547043,0.12778408974409106,False,0.9249954590070084,False
44.8895774648,-79.2456338028,500.0,2026-03-24 16:55:00.000000,51644.549241394,-7.8025654312,58.4198776383,False,anomalous_eval_run_3,anomalous_eval,anomalous_eval_run_3_fallback.jsonl,52902.65397318461,-8.352297858678723,45.873275931091264,-1258.1047317906123,0.5497324274787232,12.546601707208737,-55.81825299390039,-1198.406076183722,0.1306119,0.12547043,0.12778408974409106,False,0.9679399913290693,False
44.9121126761,-79.2118309859,500.0,2026-03-24 17:00:00.000000,51604.9490521586,-7.7875101425,58.416943952,False,anomalous_eval_run_3,anomalous_eval,anomalous_eval_run_3_fallback.jsonl,52905.57822911252,-8.348087766972059,45.891384646366184,-1300.629176953924,0.5605776244720584,12.525559305633813,-42.52444516331161,-1253.6734625137494,0.11068694,0.13900945,0.12626431956887246,False,1.000656751740634,True
44.9346478873,-79.178028169,500.0,2026-03-24 17:05:00.000000,51579.8789945191,-7.7733352394,58.4052665676,False,anomalous_eval_run_3,anomalous_eval,anomalous_eval_run_3_fallback.jsonl,52908.501533103,-8.343874214149348,45.909486262364894,-1328.6225385838989,0.5705389747493488,12.495780305235108,-27.99336162997497,-1295.7854824428116,0.11068694,0.13900945,0.12626431956887246,False,1.0221938253472367,True
44.9571830986,-79.1442253521,500.0,2026-03-24 17:10:00.000000,51570.1223616574,-7.7601516598,58.3850509478,False,anomalous_eval_run_3,anomalous_eval,anomalous_eval_run_3_fallback.jsonl,52911.42388458912,-8.3396572048697,45.9275807764478,-1341.3015229317243,0.5795055450697006,12.457470171352206,-12.678984347825462,-1323.5177461565156,0.11068694,0.13900945,0.12626431956887246,False,1.0319485744468833,True
44.9797183099,-79.1104225352,500.0,2026-03-24 17:15:00.000000,51575.9839914843,-7.7480625831,58.3566527854,False,anomalous_eval_run_3,anomalous_eval,anomalous_eval_run_3_fallback.jsonl,52914.34528297447,-8.33543674383896,45.945668185735435,-1338.3612914901678,0.5873741607389595,12.410984599664566,2.9402314415565343,-1336.095117668597,0.11068694,0.13900945,0.12626431956887246,False,1.0296864673868493,True
45.0022535211,-79.0766197183,500.0,2026-03-24 17:20:00.000000,51597.280742232,-7.7371626227,58.3205717443,False,anomalous_eval_run_3,anomalous_eval,anomalous_eval_run_3_fallback.jsonl,52917.2657276628,-8.33121283576615,45.96374848734954,-1319.984985430805,0.5940502130661507,12.356823256950456,18.376306059362832,-1333.2159332842323,0.11068694,0.13900945,0.12626431956887246,False,1.0155484063190363,True
45.0247887324,-79.0428169014,500.0,2026-03-24 17:25:00.000000,51633.3472145666,-7.7275370855,58.277442668,False,anomalous_eval_run_3,anomalous_eval,anomalous_eval_run_3_fallback.jsonl,52920.18521808767,-8.32698548531983,45.98182167865362,-1286.8380035210648,0.5994483998198294,12.295620989346382,33.146981909740134,-1315.0614268140125,0.11068694,0.13900945,0.12626431956887246,False,0.9900463248376049,False
45.0473239437,-79.0090140845,500.0,2026-03-24 17:30:00.000000,51683.0565414389,-7.7192613045,58.2280244101,False,anomalous_eval_run_3,anomalous_eval,anomalous_eval_run_3_fallback.jsonl,52923.103753653144,-8.322754697215318,45.9998877567716,-1240.0472122142455,0.6034933927153183,12.228136653328399,46.7907913068193,-1282.2900670553718,0.09159594,0.14176024,0.119186307862401,False,0.9540471929788904,False
45.0698591549,-78.9752112676,500.0,2026-03-24 17:35:00.000000,51744.8555961125,-7.7124000488,58.1731864817,False,anomalous_eval_run_3,anomalous_eval,anomalous_eval_run_3_fallback.jsonl,52926.021333763485,-8.318520476171106,46.0179467188286,-1181.165737650983,0.6061204273711054,12.155239762871403,58.8814745632626,-1236.0169844620978,0.09159594,0.14176024,0.119186307862401,False,0.9087459294687451,False
45.0923943662,-78.9414084507,500.0,2026-03-24 17:40:00.000000,51816.8135183212,-7.7070070171000005,58.1138937528,False,anomalous_eval_run_3,anomalous_eval,anomalous_eval_run_3_fallback.jsonl,52928.93795785271,-8.314282826865156,46.03599856219126,-1112.124439531508,0.6072758097651558,12.077895190608743,69.04129811947496,-1177.7791297989122,0.09159594,0.14176024,0.119186307862401,False,0.8556280674859841,False
45.1149295775,-78.9076056338,500.0,2026-03-24 17:45:00.000000,51896.6820423987,-7.7031244172,58.0511894753,False,anomalous_eval_run_3,anomalous_eval,anomalous_eval_run_3_fallback.jsonl,52931.85362532539,-8.310041754022226,46.0540432839869,-1035.1715829266905,0.6069173368222263,11.9971461913131,76.9528566048175,-1109.4872533697271,0.09159594,0.14176024,0.119186307862401,False,0.7964233403494749,False
45.1374647887,-78.8738028169,500.0,2026-03-24 17:50:00.000000,51981.965742477,-7.7007826355999995,57.9861769271,False,anomalous_eval_run_3,anomalous_eval,anomalous_eval_run_3_fallback.jsonl,52934.76833558629,-8.305797262370227,46.07208088134403,-952.8025931092925,0.6050146267702274,11.914096045755969,82.36898981739796,-1033.3662051891636,0.09159594,0.14176024,0.119186307862401,False,0.73305163744191,False
45.16,-78.84,500.0,2026-03-24 17:55:00.000000,52070.0,-7.7,57.92,False,anomalous_eval_run_3,anomalous_eval,anomalous_eval_run_3_fallback.jsonl,52937.68208806989,-8.301549356596494,46.09011135163241,-867.682088069887,0.601549356596494,11.829888648367593,85.12050503940554,-951.8854213686233,0.09159594,0.14176024,0.119186307862401,False,0.6675630188652169,False
43.74,-81.46,750.0,2026-03-24 18:00:00.000000,52105.0,-7.6499999999999995,57.88,False,anomalous_eval_run_4,anomalous_eval,anomalous_eval_run_4.sqlite,52741.58919467491,-8.573688542246305,44.940152982088414,-636.5891946749107,0.9236885422463059,12.939847017911589,231.09289339497627,-819.0246252846968,0.11299149,0.15840821,0.1379706855863333,False,0.489768557421151,False
43.762535211267604,-81.42619718309858,750.0,2026-03-24 18:05:00.000000,52193.03425752302,-7.650782635585011,57.946176927132115,False,anomalous_eval_run_4,anomalous_eval,anomalous_eval_run_4.sqlite,52744.56215516616,-8.569700104299052,44.95862010452713,-551.5278976431437,0.9189174687140413,12.987556822604986,85.06129703176703,-685.2663934626471,0.11299149,0.15840821,0.1379706855863333,False,0.4243254913306318,False
43.78507042253521,-81.39239436619718,750.0,2026-03-24 18:10:00.000000,52278.317957601306,-7.653124417155454,58.01118947532099,False,anomalous_eval_run_4,anomalous_eval,anomalous_eval_run_4.sqlite,52747.53419740076,-8.56570793210375,44.97708027206455,-469.21623979945434,0.9125835149482961,13.034109203256442,82.31165784368932,-552.4444440391695,0.11299149,0.15840821,0.1379706855863333,False,0.3609978975570143,False
43.807605633802815,-81.35859154929577,750.0,2026-03-24 18:15:00.000000,52358.18648167882,-7.657007017095438,58.07389375279895,False,anomalous_eval_run_4,anomalous_eval,anomalous_eval_run_4.sqlite,52750.50532078356,-8.561712030151263,44.995533481844966,-392.318839104737,0.9047050130558247,13.078360270953986,76.89740069471736,-471.020992182445,0.11299149,0.15840821,0.1379706855863333,False,0.3018358361793924,False
43.830140845070424,-81.32478873239437,750.0,2026-03-24 18:20:00.000000,52430.14440388747,-7.662400048796206,58.13318648167883,False,anomalous_eval_run_4,anomalous_eval,anomalous_eval_run_4.sqlite,52753.47552471961,-8.557712402935877,45.013979731013755,-323.3311208321393,0.895312354139671,13.119206750665072,68.9877182725977,-394.9553999121102,0.11299149,0.15840821,0.1379706855863333,False,0.24875919658075515,False
43.85267605633803,-81.29098591549295,750.0,2026-03-24 18:25:00.000000,52491.94345856105,-7.669261304472559,58.18802441006019,False,anomalous_eval_run_4,anomalous_eval,anomalous_eval_run_4.sqlite,52756.444808614084,-8.553709054955313,45.032419016717355,-264.5013500530331,0.8844477504827539,13.155605393342832,58.829770779106184,-326.7171033299698,0.11299149,0.15840821,0.1379706855863333,False,0.20349771208035636,False
43.875211267605636,-81.25718309859154,750.0,2026-03-24 18:30:00.000000,52541.65278543345,-7.677537085495994,58.23744266798209,False,anomalous_eval_run_4,anomalous_eval,anomalous_eval_run_4.sqlite,52759.413171872315,-8.549701990710705,45.050851336103314,-217.76038643886568,0.8721649052147109,13.186591331878773,46.74096361416741,-268.530952441346,0.11267251,0.12991345,0.12215502560138702,False,0.16753691583486596,False
43.89774647887324,-81.22338028169014,750.0,2026-03-24 18:35:00.000000,52577.71925776798,-7.687162622659285,58.28057174425037,False,anomalous_eval_run_4,anomalous_eval,anomalous_eval_run_4.sqlite,52762.380613899804,-8.545691214706611,45.069276686320194,-184.66135613182269,0.8585285920473265,13.21129505793018,33.099030307042995,-222.3076975412405,0.11267251,0.12991345,0.12215502560138702,False,0.14207172657132866,False
43.92028169014085,-81.18957746478873,750.0,2026-03-24 18:40:00.000000,52599.01600851568,-7.698062583083343,58.31665278543345,False,anomalous_eval_run_4,anomalous_eval,anomalous_eval_run_4.sqlite,52765.3471341022,-8.541676731450995,45.08769506451771,-166.3311255865192,0.843614148367652,13.228957720915737,18.330230545303493,-189.58428938573584,0.11267251,0.12991345,0.12215502560138702,False,0.12796911432709315,False
43.94281690140845,-81.15577464788731,750.0,2026-03-24 18:45:00.000000,52604.87763834262,-7.710151659799137,58.34505094784145,False,anomalous_eval_run_4,anomalous_eval,anomalous_eval_run_4.sqlite,52768.3127318853,-8.537658545455235,45.106106467846594,-163.43509354267735,0.8275068856560983,13.238944479994856,2.896032043841842,-171.47585842033973,0.11267251,0.12991345,0.12215502560138702,False,0.1257410126750031,False
43.96535211267606,-81.12197183098591,750.0,2026-03-24 18:50:00.000000,52595.1210054809,-7.723335239390391,58.36526656756179,False,anomalous_eval_run_4,anomalous_eval,anomalous_eval_run_4.sqlite,52771.27740665507,-8.533636661234109,45.1245108934587,-176.15640117417206,0.8103014218437181,13.240755674103092,-12.72130763149471,-168.6408734344562,0.11267251,0.12991345,0.12215502560138702,False,0.1355283237687291,False
43.98788732394366,-81.0881690140845,750.0,2026-03-24 18:55:00.000000,52570.050947841446,-7.7375101424718435,58.37694395201478,False,anomalous_eval_run_4,anomalous_eval,anomalous_eval_run_4.sqlite,52774.24115781762,-8.529611083305797,45.14290833850693,-204.1902099761719,0.7921009408339534,13.23403561350785,-28.03380880199984,-181.2605682310071,0.11267251,0.12991345,0.12215502560138702,False,0.15709651595739388,False
44.01042253521127,-81.0543661971831,750.0,2026-03-24 19:00:00.000000,52530.45075860603,-7.752565431207841,58.37987763834263,False,anomalous_eval_run_4,anomalous_eval,anomalous_eval_run_4.sqlite,52777.203984779204,-8.525581816191872,45.16129880014529,-246.7532261731758,0.7730163849840315,13.218578838197338,-42.56301619700389,-209.03327910783992,0.10940919,0.10577331,0.10740945488214493,False,0.18984295151847058,False
44.03295774647887,-81.02056338028169,750.0,2026-03-24 19:05:00.000000,52477.55771288071,-7.768383277551306,58.37401600851568,False,anomalous_eval_run_4,anomalous_eval,anomalous_eval_run_4.sqlite,52780.16588694626,-8.521548864417296,45.17968227552885,-302.60817406555,0.7531655868659897,13.194333732986834,-55.854947892374184,-251.18387007163255,0.10940919,0.10577331,0.10740945488214493,False,0.23281571555988925,False
44.05549295774648,-80.98676056338027,750.0,2026-03-24 19:10:00.000000,52413.024410060185,-7.784839885407976,58.359462197548524,False,anomalous_eval_run_4,anomalous_eval,anomalous_eval_run_4.sqlite,52783.126863725374,-8.517512232510422,45.19805876181377,-370.1024536651894,0.7326723471024454,13.161403435734755,-67.49427959963941,-306.48795130130503,0.10940919,0.10577331,0.10740945488214493,False,0.28474335779795196,False
44.07802816901408,-80.95295774647887,750.0,2026-03-24 19:15:00.000000,52338.86713972874,-7.8018064595086765,58.3364722788457,False,anomalous_eval_run_4,anomalous_eval,anomalous_eval_run_4.sqlite,52786.08691452327,-8.513471925002982,45.21642825615729,-447.219774794532,0.7116654654943053,13.120044022688404,-77.1173211293426,-373.31013417509047,0.10940919,0.10577331,0.10740945488214493,False,0.3440746179538673,False
44.10056338028169,-80.91915492957746,750.0,2026-03-24 19:20:00.000000,52257.402884362644,-7.819150213406939,58.305450758606035,False,anomalous_eval_run_4,anomalous_eval,anomalous_eval_run_4.sqlite,52789.04603874684,-8.509427946430085,45.23479075571773,-531.6431543841973,0.6902777330231462,13.070660002888303,-84.42337958966527,-449.6551276146395,0.10940919,0.10577331,0.10740945488214493,False,0.4090268935817373,False
44.123098591549294,-80.88535211267605,750.0,2026-03-24 19:25:00.000000,52171.17692713211,-7.836735408712979,58.26694345856106,False,anomalous_eval_run_4,anomalous_eval,anomalous_eval_run_4.sqlite,52792.00423580314,-8.505380301330215,45.253146257654485,-620.8273086710324,0.6686448926172357,13.013797200906573,-89.18415428683511,-533.2300792832539,0.10940919,0.10577331,0.10740945488214493,False,0.4776419359909862,False
44.1456338028169,-80.85154929577465,750.0,2026-03-24 19:30:00.000000,52082.88332663731,-7.8544244174306375,58.22162791227535,False,anomalous_eval_run_4,anomalous_eval,anomalous_eval_run_4.sqlite,52794.96150509936,-8.50132899424522,45.27149475912805,-712.0781784620485,0.6469045768145829,12.950133153147299,-91.25086979101616,-621.5162138390928,0.13163581,0.09989254,0.11417701467871666,False,0.5478470340900738,False
44.168169014084505,-80.81774647887323,750.0,2026-03-24 19:35:00.000000,51995.28074327927,-7.872078799083054,58.170301443985366,False,anomalous_eval_run_4,anomalous_eval,anomalous_eval_run_4.sqlite,52797.91784604287,-8.497274029720318,45.28983625729998,-802.6371027635978,0.6251952306372637,12.880465186685385,-90.55892430154927,-711.8475299655596,0.13163581,0.09989254,0.11417701467871666,False,0.6175197745132456,False
44.190704225352114,-80.78394366197183,750.0,2026-03-24 19:40:00.000000,51911.10624720105,-7.889560384197104,58.11386713972875,False,anomalous_eval_run_4,anomalous_eval,anomalous_eval_run_4.sqlite,52800.873258041174,-8.493215412304085,45.308170749332945,-889.7670108401217,0.6036550281069815,12.805696390395802,-87.12990807652386,-801.494097355256,0.13163581,0.09989254,0.11417701467871666,False,0.6845543546535334,False
44.213239436619716,-80.75014084507042,750.0,2026-03-24 19:45:00.000000,51832.989800798634,-7.906732355666859,58.053317957601315,False,anomalous_eval_run_4,anomalous_eval,anomalous_eval_run_4.sqlite,52803.827740501954,-8.489153146548453,45.32649823239065,-970.8379397033204,0.5824207908815939,12.726819725210667,-81.07092886319879,-887.7473511023467,0.13163581,0.09989254,0.11417701467871666,False,0.7469273767064736,False
44.235774647887325,-80.716338028169,750.0,2026-03-24 19:50:00.000000,51763.37208772465,-7.923460319532952,57.98971925672073,False,anomalous_eval_run_4,anomalous_eval,anomalous_eval_run_4.sqlite,52806.78129283304,-8.485087237008697,45.34481870363794,-1043.4092051083862,0.5616269174757456,12.644900553082792,-72.57126540506579,-968.0047185506095,0.13163581,0.09989254,0.11417701467871666,False,0.8027610670439564,False
44.25830985915493,-80.6825352112676,750.0,2026-03-24 19:55:00.000000,51704.428255749626,-7.939613356797516,57.92419005229868,False,anomalous_eval_run_4,anomalous_eval,anomalous_eval_run_4.sqlite,52809.73391444242,-8.481017688243453,45.36313216024071,-1105.3056586927923,0.5414043314459374,12.561057892057967,-61.89645358440612,-1039.8509345014998,0.13163581,0.09989254,0.11417701467871666,False,0.8503819456813968,False
44.28084507042254,-80.64873239436619,750.0,2026-03-24 20:00:00.000000,51657.999956071864,-7.95506504804286,57.857883326637314,False,anomalous_eval_run_4,anomalous_eval,anomalous_eval_run_4.sqlite,52812.685604738224,-8.476944504814686,45.38143859936595,-1154.68564866636,0.5218794567718259,12.476444727271364,-49.37998997356772,-1101.1335041558461,0.17330393,0.09015574,0.12757242806255817,False,0.88837311275921,False
44.30338028169014,-80.61492957746479,750.0,2026-03-24 20:05:00.000000,51625.53780245148,-7.969694462834811,57.79196574247698,False,anomalous_eval_run_4,anomalous_eval,anomalous_eval_run_4.sqlite,52815.63636312877,-8.472867691287702,45.399738018181715,-1190.0985606772883,0.5031732284528907,12.392227724295267,-35.41291201092827,-1150.0299560121468,0.17330393,0.09015574,0.12757242806255817,False,0.915618518390909,False
44.32591549295775,-80.58112676056338,750.0,2026-03-24 20:10:00.000000,51608.05604798522,-7.98338710616733,57.72759711563736,False,anomalous_eval_run_4,anomalous_eval,anomalous_eval_run_4.sqlite,52818.58618902251,-8.468787252231147,45.418030413857196,-1210.5301410372922,0.4854001460638173,12.309566701780163,-20.431580360003863,-1185.1047834603135,0.17330393,0.09015574,0.12757242806255817,False,0.9313378327029648,False
44.34845070422535,-80.54732394366197,750.0,2026-03-24 20:15:00.000000,51606.10089560872,-7.996035814541166,57.66591000812978,False,anomalous_eval_run_4,anomalous_eval,anomalous_eval_run_4.sqlite,52821.53508182806,-8.464703192216987,45.43631578356263,-1215.4341862193396,0.46866737767582123,12.229594224567151,-4.904045182047412,-1205.3542959779734,0.17330393,0.09015574,0.12757242806255817,False,0.9351108265810121,False
44.37098591549296,-80.51352112676057,750.0,2026-03-24 20:20:00.000000,51619.73343243822,-8.007541594663543,57.607989800798634,False,anomalous_eval_run_4,anomalous_eval,anomalous_eval_run_4.sqlite,52824.48304095417,-8.460615515820518,45.45459412446934,-1204.749608515951,0.45307392115697454,12.153395676329296,10.68457770338864,-1210.2379785908608,0.17330393,0.09015574,0.12757242806255817,False,0.9268905013662319,False
44.39352112676056,-80.47971830985915,750.0,2026-03-24 20:25:00.000000,51648.52772115431,-8.017814398204889,57.55485559611253,False,anomalous_eval_run_4,anomalous_eval,anomalous_eval_run_4.sqlite,52827.43006580981,-8.456524227620353,45.472865433749746,-1178.9023446555002,0.43870982941546366,12.081990162362786,25.847263860450767,-1199.6953797969302,0.17330393,0.09015574,0.12757242806255817,False,0.9070045572752682,False
44.41605633802817,-80.44591549295774,750.0,2026-03-24 20:30:00.000000,51691.584108060546,-8.026773826549112,57.50744228711929,False,anomalous_eval_run_4,anomalous_eval,anomalous_eval_run_4.sqlite,52830.376155804035,-8.452429332198417,45.49112970857737,-1138.792047743489,0.42565550564930454,12.016312578541921,40.11029691201111,-1174.14800030498,0.2148363,0.55669034,0.40285601913928987,True,0.8761451546641985,False
44.43859154929577,-80.41211267605634,750.0,2026-03-24 20:35:00.000000,51747.55733201792,-8.034349760021776,57.466584108060545,False,anomalous_eval_run_4,anomalous_eval,anomalous_eval_run_4.sqlite,52833.32131034611,-8.448330834139956,45.5093869461268,-1085.763978328192,0.41398107411817975,11.957197161933742,53.02806941529707,-1134.486123575727,0.2148363,0.55669034,0.40285601913928987,True,0.8353472880374775,False
44.46112676056338,-80.37830985915492,750.0,2026-03-24 20:40:00.000000,51814.69855601464,-8.040482906671626,57.43299995607187,False,anomalous_eval_run_4,anomalous_eval,anomalous_eval_run_4.sqlite,52836.26552884544,-8.444228738033512,45.527637143573735,-1021.5669728307985,0.4037458313618867,11.905362812498133,64.19700549739355,-1082.0409996341598,0.2148363,0.55669034,0.40285601913928987,True,0.7859564484878484,False
44.48366197183098,-80.34450704225353,750.0,2026-03-24 20:45:00.000000,51890.91000812977,-8.045125266310501,57.40728074223202,False,anomalous_eval_run_4,anomalous_eval,anomalous_eval_run_4.sqlite,52839.20881071157,-8.440123048470937,45.54588029809493,-948.2988025817976,0.394997782160436,11.86140044413709,73.26817024900083,-1018.5432512469293,0.2148363,0.55669034,0.40285601913928987,True,0.72958658492762,False
44.50619718309859,-80.31070422535211,750.0,2026-03-24 20:50:00.000000,51973.81052467901,-8.048240506179882,57.3898789945191,False,anomalous_eval_run_4,anomalous_eval,anomalous_eval_run_4.sqlite,52842.15115535424,-8.436013770047374,45.56411640686826,-868.3406306752295,0.38777326386749245,11.825762587650843,79.95817190656817,-946.0688020292752,0.2148363,0.55669034,0.40285601913928987,True,0.668069677577801,False
44.528732394366195,-80.2769014084507,750.0,2026-03-24 20:55:00.000000,52060.80994770133,-8.049804245303994,57.38110089560872,False,anomalous_eval_run_4,anomalous_eval,anomalous_eval_run_4.sqlite,52845.092562183316,-8.431900907361264,45.58234546707267,-784.2826144819846,0.3820966620572701,11.798755428536047,84.05801619324484,-866.9740159130039,0.2148363,0.55669034,0.40285601913928987,True,0.6033984992495651,False
44.551267605633804,-80.2430985915493,750.0,2026-03-24 21:00:00.000000,53349.19005229867,-8.049804245303994,57.38110089560872,True,anomalous_eval_run_4,anomalous_eval,anomalous_eval_run_4.sqlite,52848.03303060885,-8.427784465014334,45.60056747588822,501.15702168981807,0.3779802197103397,11.780533419720499,1285.4396361718027,-383.82207448913204,0.25069693,1.4718072,0.922307600080967,True,0.3855719726437518,False
44.573802816901406,-80.20929577464788,750.0,2026-03-24 21:05:00.000000,53436.18947532099,-8.048240506179882,57.3898789945191,True,anomalous_eval_run_4,anomalous_eval,anomalous_eval_run_4.sqlite,52850.972560041024,-8.423664447611596,45.61878243049603,585.2169152799688,0.3754239414317144,11.771096564023068,84.05989359015075,100.69710749593408,0.25069693,1.4718072,0.922307600080967,True,0.4502445953728385,False
44.596338028169015,-80.17549295774647,750.0,2026-03-24 21:10:00.000000,53519.08999187023,-8.045125266310501,57.40728074223202,True,anomalous_eval_run_4,anomalous_eval,anomalous_eval_run_4.sqlite,52853.911149890206,-8.419540859761343,45.636990328078326,665.1788419800214,0.3744155934508413,11.770290414153692,79.96192670005257,583.8509263166028,0.25069693,1.4718072,0.922307600080967,True,0.5117643915241068,False
44.61887323943662,-80.14169014084507,750.0,2026-03-24 21:15:00.000000,53595.30144398536,-8.040482906671626,57.43299995607187,True,anomalous_eval_run_4,anomalous_eval,anomalous_eval_run_4.sqlite,52856.848799566906,-8.415413706075139,45.655191165818444,738.4526444184521,0.37493079940351315,11.777808790253424,73.27380243843072,662.9494672261475,0.25069693,1.4718072,0.922307600080967,True,0.5681385882858965,False
44.641408450704226,-80.10788732394366,750.0,2026-03-24 21:20:00.000000,53662.44266798208,-8.034349760021776,57.46658410806055,True,anomalous_eval_run_4,anomalous_eval,anomalous_eval_run_4.sqlite,52859.78550848179,-8.411282991167822,45.67338494090078,802.6571595002897,0.3769332311460456,11.79319916715977,64.2045150818376,735.4295486329211,0.25069693,1.4718072,0.922307600080967,True,0.617535205436482,False
44.66394366197183,-80.07408450704226,750.0,2026-03-24 21:25:00.000000,53718.415891939454,-8.026773826549112,57.50744228711929,True,anomalous_eval_run_4,anomalous_eval,anomalous_eval_run_4.sqlite,52862.72127604571,-8.407148719657497,45.691571650510845,855.6946158937426,0.38037489310838524,11.815870636608444,53.037456393452885,798.9348066041615,0.25069693,1.4718072,0.922307600080967,True,0.6583402940625526,False
44.68647887323944,-80.04028169014084,750.0,2026-03-24 21:30:00.000000,53761.47227884569,-8.017814398204889,57.55485559611253,True,anomalous_eval_run_4,anomalous_eval,anomalous_eval_run_4.sqlite,52865.65610166964,-8.403010896165528,45.709751291835225,895.8161771760497,0.3851964979606386,11.845104304277307,40.121561282307084,851.3893175233607,0.2430111,1.4767098,0.921545409411192,True,0.689208363070156,False
44.70901408450704,-80.00647887323943,750.0,2026-03-24 21:35:00.000000,53790.26656756178,-8.007541594663543,57.607989800798634,True,anomalous_eval_run_4,anomalous_eval,anomalous_eval_run_4.sqlite,52868.58998476475,-8.398869525316538,45.7279238620616,921.6765827970303,0.3913279306529951,11.880065938737033,25.8604056209806,891.0624586222742,0.2430111,1.4767098,0.921545409411192,True,0.7091044179533708,False
44.73154929577465,-79.97267605633803,750.0,2026-03-24 21:40:00.000000,53803.89910439128,-7.996035814541166,57.66591000812978,True,anomalous_eval_run_4,anomalous_eval,anomalous_eval_run_4.sqlite,52871.52292474235,-8.394724611738402,45.74608935837879,932.3761796489343,0.39868879719723616,11.919820649750989,10.699596851904062,916.6229798740047,0.2430111,1.4767098,0.921545409411192,True,0.7173362983543898,False
44.75408450704225,-79.93887323943662,750.0,2026-03-24 21:45:00.000000,53801.94395201478,-7.98338710616733,57.72759711563736,True,anomalous_eval_run_4,anomalous_eval,anomalous_eval_run_4.sqlite,52874.4549210139,-8.390576160062245,45.764247777976635,927.4890310008777,0.4071890538949159,11.963349337660723,-4.887148648056609,927.1805978156141,0.2430111,1.4767098,0.921545409411192,True,0.7135763040546378,False
44.77661971830986,-79.9050704225352,750.0,2026-03-24 21:50:00.000000,52584.46219754852,-7.969694462834811,57.79196574247698,False,anomalous_eval_run_4,anomalous_eval,anomalous_eval_run_4.sqlite,52877.38597299103,-8.386424174922432,45.78239911804612,-292.9237754425121,0.416729712087621,12.00956662443086,-1220.4128064433899,522.3138117357666,0.2430111,1.4767098,0.921545409411192,True,0.22536489172754504,False
44.79915492957746,-79.8712676056338,750.0,2026-03-24 21:55:00.000000,52552.000043928136,-7.95506504804286,57.857883326637314,False,anomalous_eval_run_4,anomalous_eval,anomalous_eval_run_4.sqlite,52880.316080085555,-8.382268660956575,45.80054337577931,-328.31603615741915,0.4272036129137149,12.057339950858001,-35.392260714907025,102.08307313364882,0.2430111,1.4767098,0.921545409411192,True,0.2525944090036988,False
44.82169014084507,-79.83746478873239,750.0,2026-03-24 22:00:00.000000,52505.571744250374,-7.939613356797516,57.92419005229868,False,anomalous_eval_run_4,anomalous_eval,anomalous_eval_run_4.sqlite,52883.2452417094,-8.378109622805507,45.818680548369386,-377.673497459029,0.4384962660079914,12.10550950392929,-49.357461301609874,-332.9711030196534,0.19483542,0.56816316,0.40016567707061773,True,0.2905682433412493,False
44.84422535211267,-79.80366197183099,750.0,2026-03-24 22:05:00.000000,52446.62791227535,-7.923460319532952,57.98971925672073,False,anomalous_eval_run_4,anomalous_eval,anomalous_eval_run_4.sqlite,52886.17345727471,-8.373947065113304,45.836810633010586,-439.5455449993606,0.45048674558035273,12.152908623710147,-61.87204754033155,-381.84502620526956,0.19483542,0.56816316,0.40016567707061773,True,0.3381703448566481,False
44.86676056338028,-79.76985915492958,750.0,2026-03-24 22:10:00.000000,52377.010199201366,-7.906732355666859,58.053317957601315,False,anomalous_eval_run_4,anomalous_eval,anomalous_eval_run_4.sqlite,52889.100726193734,-8.369780992527264,45.85493362689827,-512.0905269923678,0.463048636860405,12.198384330703043,-72.54498199300724,-443.10318981691915,0.19483542,0.56816316,0.40016567707061773,True,0.39398381369349017,False
44.889295774647884,-79.73605633802816,750.0,2026-03-24 22:15:00.000000,52298.893752798955,-7.889560384197104,58.11386713972875,False,anomalous_eval_run_4,anomalous_eval,anomalous_eval_run_4.sqlite,52892.02704787891,-8.365611409697902,45.873049527228886,-593.1332950799551,0.4760510255007979,12.24081761249986,-81.04276808758732,-514.9231223572278,0.19483542,0.56816316,0.40016567707061773,True,0.4563351698705995,False
44.91183098591549,-79.70225352112676,750.0,2026-03-24 22:20:00.000000,52214.71925672073,-7.872078799083054,58.170301443985366,False,anomalous_eval_run_4,anomalous_eval,anomalous_eval_run_4.sqlite,52894.95242174285,-8.361438321278959,45.89115833120001,-680.2331650221167,0.4893595221959046,12.279143112785356,-87.0998699421616,-595.1523290314799,0.19483542,0.56816316,0.40016567707061773,True,0.523346639763561,False
44.934366197183095,-79.66845070422535,750.0,2026-03-24 22:25:00.000000,52127.11667336269,-7.8544244174306375,58.22162791227535,False,anomalous_eval_run_4,anomalous_eval,anomalous_eval_run_4.sqlite,52897.8768471983,-8.357261731927375,45.90926003601025,-770.7601738356097,0.5028373144967375,12.3123678762651,-90.52700881349301,-681.3755446458939,0.19483542,0.56816316,0.40016567707061773,True,0.5929948255718014,False
44.956901408450705,-79.63464788732395,750.0,2026-03-24 22:30:00.000000,52038.82307286789,-7.836735408712979,58.26694345856106,False,anomalous_eval_run_4,anomalous_eval,anomalous_eval_run_4.sqlite,52900.800323658164,-8.35308164630331,45.927354638859384,-861.9772507902744,0.5163462375903318,12.339588819701675,-91.21707695466466,-770.9901965493336,0.1669529,0.11379048,0.13771356716752053,False,0.6631739246925062,False
44.97943661971831,-79.60084507042254,750.0,2026-03-24 22:35:00.000000,51952.597115637356,-7.81915021340694,58.305450758606035,False,anomalous_eval_run_4,anomalous_eval,anomalous_eval_run_4.sqlite,52903.72285053554,-8.348898069070119,45.945442136948245,-951.1257348981817,0.529747855663179,12.36000862165779,-89.14848410790728,-861.2877198413553,0.1669529,0.11379048,0.13771356716752053,False,0.7317615237643209,False
45.001971830985916,-79.56704225352112,750.0,2026-03-24 22:40:00.000000,51871.13286027126,-7.8018064595086765,58.3364722788457,False,anomalous_eval_run_4,anomalous_eval,anomalous_eval_run_4.sqlite,52906.64442724367,-8.344711004894359,45.96352252747876,-1035.511566972411,0.5429045453856824,12.372949751366939,-84.38583207422926,-949.538184220289,0.1669529,0.11379048,0.13771356716752053,False,0.7966849117003738,False
45.02450704225352,-79.53323943661972,750.0,2026-03-24 22:45:00.000000,51796.975589939815,-7.784839885407976,58.359462197548524,False,anomalous_eval_run_4,anomalous_eval,anomalous_eval_run_4.sqlite,52909.56505319594,-8.340520458445784,45.981595807654,-1112.5894632561249,0.555680573037808,12.377866389894521,-77.07789628371393,-1033.0755883755726,0.1669529,0.11379048,0.13771356716752053,False,0.8559858398149482,False
45.04704225352113,-79.49943661971831,750.0,2026-03-24 22:50:00.000000,51732.44228711929,-7.768383277551306,58.37401600851568,False,anomalous_eval_run_4,anomalous_eval,anomalous_eval_run_4.sqlite,52912.484727805924,-8.336326434397325,45.99966197467809,-1180.0424406866368,0.5679431568460185,12.37435403383759,-67.45297743051196,-1109.3811569717243,0.1669529,0.11379048,0.13771356716752053,False,0.907881705667296,False
45.06957746478873,-79.4656338028169,750.0,2026-03-24 22:55:00.000000,51679.54924139397,-7.752565431207841,58.37987763834263,False,anomalous_eval_run_4,anomalous_eval,anomalous_eval_run_4.sqlite,52915.403450487356,-8.332128937425118,46.01772102575628,-1235.8542090933843,0.5795635062172773,12.362156612586347,-55.81176840674743,-1176.1620376787153,0.1669529,0.11379048,0.13771356716752053,False,0.9508212489840111,False
45.09211267605634,-79.4318309859155,750.0,2026-03-24 23:00:00.000000,51639.949052158554,-7.7375101424718435,58.37694395201478,False,anomalous_eval_run_4,anomalous_eval,anomalous_eval_run_4.sqlite,52918.3212206541,-8.32792797220846,46.0357729580949,-1278.3721684955453,0.5904178297366167,12.341170993919874,-42.51795940216107,-1231.4229394251888,0.1272668,0.12597957,0.12655882239341737,False,0.9835330194869988,False
45.11464788732394,-79.39802816901408,750.0,2026-03-24 23:05:00.000000,51614.8789945191,-7.723335239390391,58.36526656756179,False,anomalous_eval_run_4,anomalous_eval,anomalous_eval_run_4.sqlite,52921.238037720235,-8.323723543429837,46.05381776890142,-1306.3590432011333,0.6003883040394467,12.311448798660372,-27.98687470558798,-1273.5284735966877,0.1272668,0.12597957,0.12655882239341737,False,1.0050651022900727,True
45.13718309859155,-79.36422535211268,750.0,2026-03-24 23:10:00.000000,51605.12236165738,-7.710151659799137,58.34505094784145,False,anomalous_eval_run_4,anomalous_eval,anomalous_eval_run_4.sqlite,52924.15390109995,-8.319515655774898,46.071855455384366,-1319.0315394425706,0.6093639959757615,12.273195492457084,-12.67249624143733,-1301.2542503797497,0.1272668,0.12597957,0.12655882239341737,False,1.014814859676802,True
45.15971830985915,-79.33042253521127,750.0,2026-03-24 23:15:00.000000,51610.98399148432,-7.698062583083343,58.31665278543345,False,anomalous_eval_run_4,anomalous_eval,anomalous_eval_run_4.sqlite,52927.068810207624,-8.315304313932465,46.08988601475341,-1316.084818723306,0.6172417308491225,12.226766770680037,2.946720719264704,-1313.8251337890033,0.1272668,0.12597957,0.12655882239341737,False,1.0125477600026795,True
45.18225352112676,-79.29661971830986,750.0,2026-03-24 23:20:00.000000,51632.28074223202,-7.687162622659285,58.28057174425037,False,anomalous_eval_run_4,anomalous_eval,anomalous_eval_run_4.sqlite,52929.9827644578,-8.311089522594516,46.107909444219274,-1297.7020222257852,0.6239268999352312,12.1726623000311,18.382796497520758,-1310.939460130554,0.1272668,0.12597957,0.12655882239341737,False,0.9984047054279707,False
45.20478873239436,-79.26281690140846,750.0,2026-03-24 23:25:00.000000,51668.34721456655,-7.677537085495994,58.23744266798209,False,anomalous_eval_run_4,anomalous_eval,anomalous_eval_run_4.sqlite,52932.89576326518,-8.306871286456193,46.12592574099383,-1264.548548698629,0.6293342009601988,12.111516926988259,33.153473527156166,-1292.7784632159066,0.1272668,0.12597957,0.12655882239341737,False,0.9728976295323647,False
45.22732394366197,-79.22901408450704,750.0,2026-03-24 23:30:00.000000,51718.05654143895,-7.669261304472559,58.18802441006019,False,anomalous_eval_run_4,anomalous_eval,anomalous_eval_run_4.sqlite,52935.80780604462,-8.302649610215784,46.143934902290034,-1217.7512646056712,0.6333883057432255,12.044089507770153,46.79728409295785,-1260.0006118433619,0.086961225,0.12817296,0.10962768122553826,False,0.9368935023603031,False
45.249859154929574,-79.19521126760563,750.0,2026-03-24 23:35:00.000000,51779.85559611253,-7.662400048796206,58.13318648167883,False,anomalous_eval_run_4,anomalous_eval,anomalous_eval_run_4.sqlite,52938.71889221114,-8.298424498574736,46.161936925321946,-1158.863296098607,0.6360244497785299,11.97124955635688,58.887968507064215,-1213.7210364676357,0.086961225,0.12817296,0.10962768122553826,False,0.891587242646147,False
45.27239436619718,-79.16140845070423,750.0,2026-03-24 23:40:00.000000,51851.81351832118,-7.657007017095438,58.07389375279895,False,anomalous_eval_run_4,anomalous_eval,anomalous_eval_run_4.sqlite,52941.629021179935,-8.294195956237626,46.17993180730474,-1089.815502858757,0.6371889391421881,11.893961945494212,69.04779323984985,-1155.476687854345,0.086961225,0.12817296,0.10962768122553826,False,0.8384643835541625,False
45.294929577464785,-79.12760563380282,750.0,2026-03-24 23:45:00.000000,51931.68204239869,-7.653124417155454,58.01118947532099,False,anomalous_eval_run_4,anomalous_eval,anomalous_eval_run_4.sqlite,52944.538192366366,-8.289963987912184,46.197919545454674,-1012.8561499676798,0.63683957075673,11.813269929866316,76.95935289107729,-1087.178316308348,0.086961225,0.12817296,0.10962768122553826,False,0.7792546584114405,False
45.317464788732394,-79.09380281690142,750.0,2026-03-24 23:50:00.000000,52016.96574247698,-7.650782635585011,57.946176927132115,False,anomalous_eval_run_4,anomalous_eval,anomalous_eval_run_4.sqlite,52947.44640518593,-8.285728598309264,46.215900136989134,-930.4806627089492,0.6349459627242533,11.73027679014298,82.37548725873057,-1011.0507718451287,0.086961225,0.12817296,0.10962768122553826,False,0.7158779566089917,False
45.339999999999996,-79.06,750.0,2026-03-24 23:55:00.000000,52105.0,-7.6499999999999995,57.88,False,anomalous_eval_run_4,anomalous_eval,anomalous_eval_run_4.sqlite,52950.35365905432,-8.281489792142857,46.233873579126595,-845.3536590543226,0.6314897921428573,11.646126420873408,85.1270036546266,-929.5634905769839,0.086961225,0.12817296,0.10962768122553826,False,0.6503843382342676,False
43.92,-81.67999999999999,0.0,2026-03-26 00:00:00.000000,52140.0,-7.6,57.84,False,anomalous_eval_run_5,anomalous_eval,anomalous_eval_run_5.csv,52757.4617345495,-8.552736198722425,45.08746487783232,-617.4617345494989,0.952736198722425,12.752535122167686,227.8919245048237,-797.765352104257,0.1078525,0.22842088,0.1741651125252247,False,0.475052585753524,False
43.93118881118881,-81.66321678321678,0.0,2026-03-26 00:05:00.000000,52183.8818296299,-7.600193026879855,57.87292991682459,False,anomalous_eval_run_5,anomalous_eval,anomalous_eval_run_5.csv,52758.93473341793,-8.550760977628538,45.09660711924657,-575.0529037880333,0.9505679507486837,12.776322797578018,42.40883076146565,-679.2894324639516,0.1078525,0.22842088,0.1741651125252247,False,0.4424247748548993,False
43.94237762237763,-81.64643356643356,0.0,2026-03-26 00:10:00.000000,52227.42500785453,-7.600771734925655,57.90571684432929,False,anomalous_eval_run_5,anomalous_eval,anomalous_eval_run_5.csv,52760.40750569534,-8.548784834868158,45.105747640906166,-532.9824978408069,0.9480130999425027,12.799969203423124,42.07040594722639,-575.1657120594464,0.1078525,0.22842088,0.1741651125252247,False,0.41005733569122077,False
43.95356643356644,-81.62965034965035,0.0,2026-03-26 00:15:00.000000,52270.29349675979,-7.601735007075319,57.93821841408696,False,anomalous_eval_run_5,anomalous_eval,anomalous_eval_run_5.csv,52761.88005130895,-8.546807770990299,45.114886442462534,-491.5865545491615,0.9450727639149799,12.823331971624427,41.39594329164538,-533.2073187260006,0.1078525,0.22842088,0.1741651125252247,False,0.3782088035473622,False
43.964755244755246,-81.61286713286712,0.0,2026-03-26 00:20:00.000000,52312.1564652447,-7.603080983954668,57.970293496759794,False,anomalous_eval_run_5,anomalous_eval,anomalous_eval_run_5.csv,52763.352370186054,-8.544829786544188,45.12402352356717,-451.1959049413563,0.9417488025895198,12.846269973192626,40.390649607805244,-491.9216524437749,0.1078525,0.22842088,0.1741651125252247,False,0.347133707775716,False
43.975944055944055,-81.59608391608391,0.0,2026-03-26 00:25:00.000000,52352.69084216054,-7.604807067466531,58.00180281491565,False,anomalous_eval_run_5,anomalous_eval,anomalous_eval_run_5.csv,52764.824462253906,-8.542850882079254,45.13315888387162,-412.1336200933656,0.9380438146127226,12.868643931044026,39.06228484799067,-451.6386931946278,0.1078525,0.22842088,0.1741651125252247,False,0.31708060750381395,False
43.98713286713287,-81.57930069930069,0.0,2026-03-26 00:30:00.000000,52391.58380956375,-7.60690992580576,58.03260954780284,False,anomalous_eval_run_5,anomalous_eval,anomalous_eval_run_5.csv,52766.296327439806,-8.540871058145143,45.14229252302755,-374.71251787605433,0.933961132339383,12.890317024775293,37.42110221731127,-412.6806809702587,0.1076276,0.19379202,0.15501802861690522,False,0.28829017341634655,False
43.99832167832168,-81.56251748251748,0.0,2026-03-26 00:35:00.000000,52428.53521684127,-7.609385499890516,58.06257992545749,False,anomalous_eval_run_5,anomalous_eval,anomalous_eval_run_5.csv,52767.76796567104,-8.538890315291708,45.1514244406866,-339.23274882976693,0.9295048154011916,12.911155484770894,35.4797690462874,-375.3596289330623,0.1076276,0.19379202,0.15501802861690522,False,0.2609933304149354,False
44.00951048951049,-81.54573426573425,0.0,2026-03-26 00:40:00.000000,52463.2598970776,-7.612229011197384,58.09158380956376,False,anomalous_eval_run_5,anomalous_eval,anomalous_eval_run_5.csv,52769.23937687492,-8.536908654069,45.16055463650054,-305.97947979731543,0.9246796428716166,12.931029173063216,33.2532690324515,-339.9749155010456,0.1076276,0.19379202,0.15501802861690522,False,0.2354094754896594,False
44.0206993006993,-81.52895104895104,0.0,2026-03-26 00:45:00.000000,52495.48986778755,-7.61543497098521,58.11949525854441,False,anomalous_eval_run_5,anomalous_eval,anomalous_eval_run_5.csv,52770.710560978754,-8.534926075027292,45.16968311012121,-275.22069319120055,0.9194911040420815,12.949812148423199,30.75878660611488,-306.81097393942764,0.1076276,0.19379202,0.15501802861690522,False,0.2117447845553512,False
44.03188811188812,-81.51216783216782,0.0,2026-03-26 00:50:00.000000,52524.97639903062,-7.618997190889846,58.14619307442839,False,anomalous_eval_run_5,anomalous_eval,anomalous_eval_run_5.csv,52772.18151790987,-8.532942578717059,45.178809861200484,-247.20511887925386,0.9139453878272121,12.967383213227905,28.015574311946693,-276.13509728925663,0.1076276,0.19379202,0.15501802861690522,False,0.19019062131968048,False
44.04307692307693,-81.49538461538461,0.0,2026-03-26 00:55:00.000000,52551.491932946825,-7.622908794869358,58.1715613291204,False,anomalous_eval_run_5,anomalous_eval,anomalous_eval_run_5.csv,52773.6522475956,-8.53095816568898,45.187934889390306,-222.16031464877597,0.9080493708196231,12.983626439730095,25.044804230477894,-248.1953755730768,0.1076276,0.19379202,0.15501802861690522,False,0.17092206046212416,False
44.05426573426573,-81.4786013986014,0.0,2026-03-26 01:00:00.000000,52574.83183990023,-7.62716223247663,58.19548986778756,False,anomalous_eval_run_5,anomalous_eval,anomalous_eval_run_5.csv,52775.12274996328,-8.528972836493958,45.197058194342695,-200.29091006304952,0.9018106040173279,12.998431673444863,21.869404585726443,-223.21878119702646,0.10719487,0.16496791,0.13897004202008248,False,0.1540965365210831,False
44.06545454545455,-81.46181818181817,0.0,2026-03-26 01:05:00.000000,52594.81599767726,-7.631749293433764,58.21787478717713,False,anomalous_eval_run_5,anomalous_eval,anomalous_eval_run_5.csv,52776.593024940266,-8.526986591683075,45.20617977570975,-181.77702726300777,0.8952372982493113,13.011695011467381,18.513882800041756,-201.40941732494443,0.10719487,0.16496791,0.13897004202008248,False,0.13985262891616176,False
44.07664335664336,-81.44503496503496,0.0,2026-03-26 01:10:00.000000,52611.29018155274,-7.636661123480115,58.238618886788565,False,anomalous_eval_run_5,anomalous_eval,anomalous_eval_run_5.csv,52778.06307245392,-8.52499943180765,45.215299633143616,-166.77289090118575,0.8883383083275351,13.02331925364495,15.00413636182202,-182.94694274241434,0.10719487,0.16496791,0.13897004202008248,False,0.1283089924819422,False
44.08783216783217,-81.42825174825174,0.0,2026-03-26 01:15:00.000000,52624.12725449599,-7.641888241463404,58.2576320909405,False,anomalous_eval_run_5,anomalous_eval,anomalous_eval_run_5.csv,52779.53289243161,-8.523011357419193,45.22441776629649,-155.40563793562615,0.8811231159557895,13.033214324644007,11.3672529655596,-167.98518536660654,0.10719487,0.16496791,0.13897004202008248,False,0.11956344176673328,False
44.09902097902098,-81.41146853146853,0.0,2026-03-26 01:20:00.000000,52633.22814833168,-7.647420557640879,58.27483183990024,False,anomalous_eval_run_5,anomalous_eval,anomalous_eval_run_5.csv,52781.00248480072,-8.521022369069422,45.23353417482067,-147.77433646904683,0.8736018114285438,13.041297665079568,7.631301466579316,-156.65095510195292,0.10719487,0.16496791,0.13897004202008248,False,0.11369219616313621,False
44.110209790209794,-81.3946853146853,0.0,2026-03-26 01:25:00.000000,52638.52262828352,-7.653247393155239,58.29014344837724,False,anomalous_eval_run_5,anomalous_eval,anomalous_eval_run_5.csv,52782.471849488626,-8.51903246731027,45.242648858368504,-143.94922120510455,0.8657850741550304,13.04749459000874,3.82511526394228,-149.04306520325918,0.10719487,0.16496791,0.13897004202008248,False,0.11074929169591957,False
44.1213986013986,-81.3779020979021,0.0,2026-03-26 01:30:00.000000,52639.96983500061,-7.6593575006476975,58.30350042982391,False,anomalous_eval_run_5,anomalous_eval,anomalous_eval_run_5.csv,52783.94098642274,-8.51704165269387,45.2517618165924,-143.97115142213443,0.857684152046172,13.051738613231514,-0.021930217029876076,-145.23156969876194,0.10537992,0.16116993,0.13606442473828795,False,0.11076616400674184,False
44.13258741258741,-81.36111888111887,0.0,2026-03-26 01:35:00.000000,52637.55859988325,-7.665739085968406,58.31484478513556,False,anomalous_eval_run_5,anomalous_eval,anomalous_eval_run_5.csv,52785.40989553047,-8.515049925772564,45.26087304914483,-147.85129564722592,0.8493108398041578,13.053971735990736,-3.880144225091499,-145.25722275815497,0.10537992,0.16116993,0.13606442473828795,False,0.11375140575386189,False
44.14377622377622,-81.34433566433566,0.0,2026-03-26 01:40:00.000000,52631.307531274986,-7.672379830942334,58.32412725449599,False,anomalous_eval_run_5,anomalous_eval,anomalous_eval_run_5.csv,52786.878576739226,-8.513057287098905,45.26998255567835,-155.57104546423943,0.8406774561565706,13.054144698817645,-7.719749817013508,-149.1311641778666,0.10537992,0.16116993,0.13606442473828795,False,0.11969070029916391,False
44.15496503496504,-81.32755244755243,0.0,2026-03-26 01:45:00.000000,52621.2648708555,-7.679266917146659,58.33130753127499,False,anomalous_eval_run_5,anomalous_eval,anomalous_eval_run_5.csv,52788.34702997643,-8.511063737225644,45.27909033584555,-167.08215912093146,0.8317968200789849,13.052217195429435,-11.511113656692032,-156.83483341079895,0.10537992,0.16116993,0.13606442473828795,False,0.12854693219425292,False
44.16615384615385,-81.31076923076922,0.0,2026-03-26 01:50:00.000000,52607.508121342704,-7.686387050653769,58.33635443704903,False,anomalous_eval_run_5,anomalous_eval,anomalous_eval_run_5.csv,52789.815255169524,-8.509069276705745,45.28819638929913,-182.30713382682006,0.8226822260519757,13.0481580477499,-15.224974705888599,-168.32011280399698,0.10537992,0.16116993,0.13606442473828795,False,0.14026047361288244,False
44.177342657342656,-81.29398601398601,0.0,2026-03-26 01:55:00.000000,52590.14344837724,-7.693726487692112,58.33924605698523,False,anomalous_eval_run_5,anomalous_eval,anomalous_eval_run_5.csv,52791.28325224596,-8.507073906092378,45.29730071569182,-201.13980386871845,0.8133474184002658,13.041945341293413,-18.832670041898382,-183.50969893882333,0.10537992,0.16116993,0.13606442473828795,False,0.15474964451927736,False
44.18853146853147,-81.27720279720279,0.0,2026-03-26 02:00:00.000000,52569.30486120509,-7.701271061175376,58.33996983500061,False,anomalous_eval_run_5,anomalous_eval,anomalous_eval_run_5.csv,52792.75102113319,-8.505077625938917,45.30640331467643,-223.4461599280985,0.8038065647635406,13.033566520324179,-22.30635605938005,-202.297699207879,0.10198069,0.15392694,0.130551128461957,False,0.17191134302109407,False
44.19972027972028,-81.26041958041958,0.0,2026-03-26 02:05:00.000000,52545.15317848148,-7.709006208048767,58.33852262828353,False,anomalous_eval_run_5,anomalous_eval,anomalous_eval_run_5.csv,52794.21856175866,-8.503080436798943,45.31550418590583,-249.06538327717863,0.7940742287501754,13.023018442377698,-25.61922334908013,-224.5504490246652,0.10198069,0.15392694,0.130551128461957,False,0.19162184104225027,False
44.21090909090909,-81.24363636363636,0.0,2026-03-26 02:10:00.000000,52517.87478717713,-7.716916997399623,58.33491072094047,False,anomalous_eval_run_5,anomalous_eval,anomalous_eval_run_5.csv,52795.68587404988,-8.501082339226244,45.32460332903295,-277.81108687275264,0.784165341826621,13.010307391907517,-28.745703595574014,-250.10754335934325,0.10198069,0.15392694,0.130551128461957,False,0.21373773917534677,False
44.2220979020979,-81.22685314685314,0.0,2026-03-26 02:15:00.000000,52487.68020416488,-7.724988159278087,58.32914979670904,False,anomalous_eval_run_5,anomalous_eval,anomalous_eval_run_5.csv,52797.1529579343,-8.499083333774811,45.33370074371082,-309.4727537694198,0.7740951744967237,12.995449052998218,-31.661666896667157,-278.7830746397837,0.10198069,0.15392694,0.130551128461957,False,0.2380970733444551,False
44.23328671328672,-81.21006993006992,0.0,2026-03-26 02:20:00.000000,52454.80245158751,-7.73320411417222,58.3212648708555,False,anomalous_eval_run_5,anomalous_eval,anomalous_eval_run_5.csv,52798.61981333943,-8.497083420998841,45.34279642959248,-343.81736175192054,0.7638793068266212,12.978468441263018,-34.34460798250075,-310.36706746469764,0.10198069,0.15392694,0.130551128461957,False,0.26452056473810703,False
44.244475524475526,-81.19328671328671,0.0,2026-03-26 02:25:00.000000,52419.4952585444,-7.741549003080636,58.31129018155274,False,anomalous_eval_run_5,anomalous_eval,anomalous_eval_run_5.csv,52800.086440192754,-8.495082601452744,45.3518903863311,-380.5911816483567,0.7535335983721074,12.959399795221643,-36.77381989643618,-344.62709905656567,0.10198069,0.15392694,0.130551128461957,False,0.2928130033660362,False
44.255664335664335,-81.17650349650349,0.0,2026-03-26 02:30:00.000000,52382.03110297557,-7.75000671812465,58.29926904121017,False,anomalous_eval_run_5,anomalous_eval,anomalous_eval_run_5.csv,52801.55283842181,-8.493080875691128,45.36098261357986,-419.52173544624384,0.7430741575664772,12.93828642763031,-38.930553797887114,-381.31009294884035,0.098943755,0.1905495,0.14932691082358363,False,0.32276475456240183,False
44.26685314685314,-81.15972027972028,0.0,2026-03-26 02:35:00.000000,52342.69910885412,-7.758560933640806,58.28525364840122,False,anomalous_eval_run_5,anomalous_eval,anomalous_eval_run_5.csv,52803.0190079541,-8.491078244268806,45.370073110992024,-460.31989909998083,0.7325173106280003,12.9151805374092,-40.79816365373699,-420.14427206486044,0.098943755,0.1905495,0.14932691082358363,False,0.35415337680932346,False
44.27804195804196,-81.14293706293705,0.0,2026-03-26 02:40:00.000000,52301.802814915645,-7.767195137693795,58.26930486120509,False,anomalous_eval_run_5,anomalous_eval,anomalous_eval_run_5.csv,52804.48494871717,-8.489074707740794,45.37916187822097,-502.68213380152156,0.7218795700469993,12.890142982984123,-42.36223470154073,-460.8412561159154,0.098943755,0.1905495,0.14932691082358363,False,0.3867453383953273,False
44.28923076923077,-81.12615384615384,0.0,2026-03-26 02:45:00.000000,52259.65783214378,-7.775892663948936,58.251491932946834,False,anomalous_eval_run_5,anomalous_eval,anomalous_eval_run_5.csv,52805.95066063855,-8.487070266662325,45.38824891492004,-546.2928284947702,0.7111776027133896,12.863243018026793,-43.61069469324866,-503.0982871320909,0.098943755,0.1905495,0.14932691082358363,False,0.42029781966066543,False
44.30041958041958,-81.10937062937063,0.0,2026-03-26 02:50:00.000000,52216.58940808997,-7.78463672384267,58.23189221148342,False,anomalous_eval_run_5,anomalous_eval,anomalous_eval_run_5.csv,52807.41614364578,-8.48506492158883,45.39733422074273,-590.8267355558128,0.7004281977461595,12.834557990740691,-44.533907061042555,-546.6005659507015,0.098943755,0.1905495,0.14932691082358363,False,0.45456058692103796,False
44.3116083916084,-81.0925874125874,0.0,2026-03-26 02:55:00.000000,52172.929916824585,-7.793410438989015,58.21059080334145,False,anomalous_eval_run_5,anomalous_eval,anomalous_eval_run_5.csv,52808.88139766643,-8.483058673075933,45.40641779534259,-635.9514808418462,0.6896482340869179,12.804173007998855,-45.12474528603343,-591.0236816308097,0.098943755,0.1905495,0.14932691082358363,False,0.48927792360788463,False
44.3227972027972,-81.0758041958042,0.0,2026-03-26 03:00:00.000000,52129.01629389008,-7.802196873759377,58.18768020416488,False,anomalous_eval_run_5,anomalous_eval,anomalous_eval_run_5.csv,52810.34642262808,-8.481051521679488,45.41549963837316,-681.3301287379945,0.6788546479201107,12.772180565791714,-45.37864789614832,-636.0361150452178,0.096183136,0.24772817,0.17953290417790413,False,0.5241906037220494,False
44.333986013986014,-81.05902097902097,0.0,2026-03-26 03:05:00.000000,52085.18743605174,-7.810979067972865,58.16325989707761,False,anomalous_eval_run_5,anomalous_eval,anomalous_eval_run_5.csv,52811.811218458286,-8.47904346795553,45.424579749488174,-726.6237824065465,0.6680643999826641,12.738680147589434,-45.293653668552,-681.3017973287957,0.096183136,0.24772817,0.17953290417790413,False,0.5590378923709063,False
44.34517482517482,-81.04223776223776,0.0,2026-03-26 03:10:00.000000,52041.78158591305,-7.819740069634009,58.13743592070461,False,anomalous_eval_run_5,anomalous_eval,anomalous_eval_run_5.csv,52813.27578508465,-8.47703451246031,45.43365812834132,-771.4941991715968,0.6572944428263012,12.70377779236329,-44.87041676505032,-726.4827034387126,0.096183136,0.24772817,0.17953290417790413,False,0.5935595579501142,False
44.35636363636364,-81.02545454545454,0.0,2026-03-26 03:15:00.000000,51999.13372157929,-7.828462967654656,58.1103204087278,False,anomalous_eval_run_5,anomalous_eval,anomalous_eval_run_5.csv,52814.74012243476,-8.475024655750278,45.44273477458643,-815.6064008554749,0.6465616880956224,12.667585634141375,-44.112201683878084,-771.2414608112061,0.096183136,0.24772817,0.17953290417790413,False,0.6274978804414609,False
44.36755244755245,-81.00867132867133,0.0,2026-03-26 03:20:00.000000,51957.57297151457,-7.837130924496926,58.08203110297557,False,anomalous_eval_run_5,anomalous_eval,anomalous_eval_run_5.csv,52816.204230436226,-8.473013898382098,45.45180968787732,-858.6312589216541,0.6358829738851712,12.630221415098248,-43.02485806617915,-815.2439529829086,0.096183136,0.24772817,0.17953290417790413,False,0.66059964032773,False
44.37874125874126,-80.9918881118881,0.0,2026-03-26 03:25:00.000000,51917.42007454251,-7.845727208674179,58.052690842160544,False,anomalous_eval_run_5,anomalous_eval,anomalous_eval_run_5.csv,52817.668109016675,-8.471002240912624,45.460882867867944,-900.2480344741634,0.6252750322384442,12.5918079742926,-41.61677555250935,-858.1618980837642,0.096183136,0.24772817,0.17953290417790413,False,0.6926180727758038,False
44.38993006993007,-80.97510489510489,0.0,2026-03-26 03:30:00.000000,51878.984904592704,-7.854235227047282,58.02242702848544,False,anomalous_eval_run_5,anomalous_eval,anomalous_eval_run_5.csv,52819.131758103715,-8.468989683898922,45.4699543142123,-940.1468535110107,0.6147544568516397,12.552472714273136,-39.89881903684727,-899.675382302276,0.09516971,0.23077072,0.16975026577711105,False,0.7233147720065588,False
44.40111888111888,-80.95832167832167,0.0,2026-03-26 03:35:00.000000,51842.56407929539,-7.8626385568538355,57.99137107443324,False,anomalous_eval_run_5,anomalous_eval,anomalous_eval_run_5.csv,52820.59517762499,-8.466976227898265,45.47902402656446,-978.0310983296004,0.604337671044429,12.51234704786878,-37.88424481858965,-939.4753287715915,0.09516971,0.23077072,0.16975026577711105,False,0.752461531155158,False
44.41230769230769,-80.94153846153846,0.0,2026-03-26 03:40:00.000000,51808.4386708796,-7.870920977408507,57.95965783214378,False,anomalous_eval_run_5,anomalous_eval,anomalous_eval_run_5.csv,52822.05836750814,-8.464961873468118,45.48809200457852,-1013.6196966285424,0.5940408960596111,12.471565827565264,-35.58859829894209,-977.2658828230511,0.09516971,0.23077072,0.16975026577711105,False,0.77984210342267,False
44.4234965034965,-80.92475524475525,0.0,2026-03-26 03:45:00.000000,51776.8720370406,-7.879066501413324,57.92742500785454,False,anomalous_eval_run_5,anomalous_eval,anomalous_eval_run_5.csv,52823.52132768083,-8.462946621166164,45.4971582479087,-1046.6492906402273,0.5838801197528403,12.430266759945837,-33.02959401168482,-1012.7666951994566,0.09516971,0.23077072,0.16975026577711105,False,0.8052538709277253,False
44.43468531468532,-80.90797202797202,0.0,2026-03-26 03:50:00.000000,51748.10778851659,-7.887059405817452,57.89481256394826,False,anomalous_eval_run_5,anomalous_eval,anomalous_eval_run_5.csv,52824.98405807071,-8.460930471550277,45.50622275620926,-1076.8762695541227,0.573871065732825,12.388589807738995,-30.226978913895437,-1045.7150856076307,0.09516971,0.23077072,0.16975026577711105,False,0.8285094083790298,False
44.44587412587413,-80.89118881118881,0.0,2026-03-26 03:55:00.000000,51722.36790905951,-7.894884262166912,57.86196211120396,False,anomalous_eval_run_5,anomalous_eval,anomalous_eval_run_5.csv,52826.446558605465,-8.458913425178544,45.5152855291345,-1104.0786495459542,0.5640291630116314,12.346676582069456,-27.20237999183155,-1075.8680699134347,0.09516971,0.23077072,0.16975026577711105,False,0.8494379295013917,False
44.457062937062936,-80.87440559440559,0.0,2026-03-26 04:00:00.000000,51699.85104230897,-7.902525966385636,57.82901629389008,False,anomalous_eval_run_5,anomalous_eval,anomalous_eval_run_5.csv,52827.90882921277,-8.456895482609246,45.52434656633884,-1128.0577869038025,0.55436951622361,12.304669727551236,-23.97913735784823,-1103.0042353346264,0.09510494,0.1721417,0.13747515864670276,False,0.8678866050525915,False
44.46825174825175,-80.85762237762238,0.0,2026-03-26 04:05:00.000000,51680.73095878984,-7.909969767930407,57.7961181703701,False,anomalous_eval_run_5,anomalous_eval,anomalous_eval_run_5.csv,52829.37086982032,-8.454876644400867,45.533405867476716,-1148.6399110304774,0.5449068764704608,12.262712302893384,-20.5821241266749,-1126.925449160078,0.09510494,0.1721417,0.13747515864670276,False,0.8837217422596132,False
44.47944055944056,-80.84083916083915,0.0,2026-03-26 04:10:00.000000,51665.15521486445,-7.917201298263357,57.76341059191003,False,anomalous_eval_run_5,anomalous_eval,anomalous_eval_run_5.csv,52830.83268035581,-8.452856911112109,45.54246343220267,-1165.6774654913606,0.5356556128487524,12.220947159707357,-17.037554460883257,-1147.4583878085468,0.09510494,0.1721417,0.13747515864670276,False,0.896829816572047,False
44.49062937062937,-80.82405594405594,0.0,2026-03-26 04:15:00.000000,51653.2440139886,-7.92420659858712,57.731035582385104,False,anomalous_eval_run_5,anomalous_eval,anomalous_eval_run_5.csv,52832.29426074696,-8.450836283301859,45.55151926017128,-1179.0502467583574,0.5266296847147389,12.179516322213821,-13.372781266996753,-1164.4558744267317,0.09510494,0.1721417,0.13747515864670276,False,0.9071183477702403,False
44.50181818181818,-80.80727272727272,0.0,2026-03-26 04:20:00.000000,51645.08927905953,-7.930972146789057,57.69913372157929,False,anomalous_eval_run_5,anomalous_eval,anomalous_eval_run_5.csv,52833.75561092149,-8.448814761529212,45.56057335103722,-1188.6663318619612,0.5178426147401547,12.138560370542066,-9.616085103603837,-1177.7980147038932,0.09510494,0.1721417,0.13747515864670276,False,0.9145166136670345,False
44.51300699300699,-80.79048951048951,0.0,2026-03-26 04:25:00.000000,51640.75394301477,-7.937484883542567,57.667843534755306,False,anomalous_eval_run_5,anomalous_eval,anomalous_eval_run_5.csv,52835.21673080714,-8.446792346353469,45.56962570445519,-1194.462787792363,0.5093074628109022,12.098217830300115,-5.796455930401862,-1187.3931221375606,0.09510494,0.1721417,0.13747515864670276,False,0.9189761958951588,False
44.524195804195806,-80.77370629370628,0.0,2026-03-26 04:30:00.000000,51640.27146315673,-7.943732237515104,57.63730089114589,False,anomalous_eval_run_5,anomalous_eval,anomalous_eval_run_5.csv,52836.677620331626,-8.44476903833413,45.57867632008001,-1196.406157174897,0.5010368008190254,12.058624571065884,-1.9433693825340015,-1193.1784256097405,0.099784315,0.15752056,0.13153925091028215,False,0.9204713535682421,False
44.535384615384615,-80.75692307692307,0.0,2026-03-26 04:35:00.000000,51643.64556295097,-7.949702149634221,57.60763841397812,False,anomalous_eval_run_5,anomalous_eval,anomalous_eval_run_5.csv,52838.13827942271,-8.442744838030896,45.587725197566506,-1194.4927164717374,0.49304268839667476,12.019913216411616,1.913440703159722,-1195.120553812999,0.099784315,0.15752056,0.13153925091028215,False,0.9189992219318011,False
44.546573426573424,-80.74013986013986,0.0,2026-03-26 04:40:00.000000,51650.85020329097,-7.95538309636482,57.57898490459271,False,anomalous_eval_run_5,anomalous_eval,anomalous_eval_run_5.csv,52839.59870800816,-8.440719746003676,45.59677233656961,-1188.748504717194,0.4853366496388558,11.982212568023101,5.7442117545433575,-1193.2157927879427,0.099784315,0.15752056,0.13153925091028215,False,0.914579834471131,False
44.55776223776224,-80.72335664335664,0.0,2026-03-26 04:45:00.000000,51661.829783450936,-7.960764111952687,57.551464783158735,False,anomalous_eval_run_5,anomalous_eval,anomalous_eval_run_5.csv,52841.05890601573,-8.438693762812575,45.605817736744314,-1179.2291225647932,0.47792965085988737,11.945647046414422,9.519382152400794,-1187.490114584575,0.099784315,0.15752056,0.13153925091028215,False,0.9072559683054433,False
44.56895104895105,-80.70657342657343,0.0,2026-03-26 04:50:00.000000,51676.4995701761,-7.965834809591326,57.5251975484125,False,anomalous_eval_run_5,anomalous_eval,anomalous_eval_run_5.csv,52842.51887337321,-8.436666889017898,45.61486139774566,-1166.0193031971066,0.47083207942657257,11.910336150666836,13.209819367686578,-1177.9989768263647,0.099784315,0.15752056,0.13153925091028215,False,0.8970928140615047,False
44.58013986013986,-80.6897902097902,0.0,2026-03-26 04:55:00.000000,51694.74635159878,-7.970585401471296,57.50029725876634,False,anomalous_eval_run_5,anomalous_eval,anomalous_eval_run_5.csv,52843.97861000839,-8.434639125180158,45.62390331922879,-1149.232258409611,0.46405372370886244,11.87639393953755,16.787044787495688,-1164.8268947238369,0.099784315,0.15752056,0.13153925091028215,False,0.8841774727743584,False
44.59132867132867,-80.673006993007,0.0,2026-03-26 05:00:00.000000,51716.42931093393,-7.975006717673319,57.47687203704061,False,anomalous_eval_run_5,anomalous_eval,anomalous_eval_run_5.csv,52845.43811584904,-8.43261047186007,45.632943500848874,-1129.0088049151163,0.45760375418675103,11.843928536191733,20.223453494494606,-1148.0867888406112,0.10680303,0.16634601,0.1395516708493233,False,0.8686182836977507,False
44.60251748251749,-80.65622377622377,0.0,2026-03-26 05:05:00.000000,51741.38111321144,-7.97909022386868,57.45502360096939,False,anomalous_eval_run_5,anomalous_eval,anomalous_eval_run_5.csv,52846.897390823004,-8.430580929618538,45.64198194226119,-1105.5162776115612,0.4514907057498574,11.813041658708201,23.492527303555107,-1127.9191136454294,0.10680303,0.16634601,0.1395516708493233,False,0.8505439882119235,False
44.61370629370629,-80.63944055944056,0.0,2026-03-26 05:10:00.000000,51769.40919665856,-7.982828037792783,57.43484682151852,False,anomalous_eval_run_5,anomalous_eval,anomalous_eval_run_5.csv,52848.35643485808,-8.428550499016684,45.651018643121006,-1078.9472381995147,0.4457224612239008,11.783828178397513,26.56903941204655,-1104.4907735753975,0.10680303,0.16634601,0.1395516708493233,False,0.830102736280921,False
44.6248951048951,-80.62265734265733,0.0,2026-03-26 05:15:00.000000,51800.29725876633,-7.986212944460035,57.41642931093393,False,anomalous_eval_run_5,anomalous_eval,anomalous_eval_run_5.csv,52849.8152478821,-8.42651918061582,45.66005360308377,-1049.5179891157677,0.44030623615578524,11.756375707850161,29.42924908374698,-1077.9938349756146,0.10680303,0.16634601,0.1395516708493233,False,0.8074609431271823,False
44.63608391608391,-80.60587412587412,0.0,2026-03-26 05:20:00.000000,51833.80692557161,-7.989238410090709,57.39985104230897,False,anomalous_eval_run_5,anomalous_eval,anomalous_eval_run_5.csv,52851.27382982289,-8.424486974977459,45.66908682180488,-1017.466904251276,0.43524856488674946,11.730764220504085,32.05108486449171,-1048.6440438555194,0.10680303,0.16634601,0.1395516708493233,False,0.782802004946679,False
44.64727272727273,-80.5890909090909,0.0,2026-03-26 05:25:00.000000,51869.6795912722,-7.9918985947229,57.385184002322745,False,anomalous_eval_run_5,anomalous_eval,anomalous_eval_run_5.csv,52852.7321806083,-8.422453882663323,45.678118298939914,-983.0525893360973,0.43055528794042264,11.707065703382831,34.41431491517869,-1016.679160901047,0.10680303,0.16634601,0.1395516708493233,False,0.756324883576041,False
44.65846153846154,-80.57230769230769,0.0,2026-03-26 05:30:00.000000,51907.63841397812,-7.99418836348521,57.37249187865729,False,anomalous_eval_run_5,anomalous_eval,anomalous_eval_run_5.csv,52854.19030016619,-8.420419904235326,45.6871480341444,-946.5518861880701,0.4262315407501154,11.685343844512893,36.50070314802724,-982.3571265918144,0.11585371,0.30356586,0.21909539327025412,True,0.7282425710341258,False
44.66965034965035,-80.55552447552448,0.0,2026-03-26 05:35:00.000000,51947.39045219717,-7.996103296508445,57.361829783450936,False,anomalous_eval_run_5,anomalous_eval,anomalous_eval_run_5.csv,52855.648188424435,-8.418385040255588,45.696176027074024,-908.2577362272641,0.4222817437471429,11.665653756376912,38.29414996080595,-945.9540705838104,0.11585371,0.30356586,0.21909539327025412,True,0.6987804457877949,False
44.68083916083916,-80.53874125874125,0.0,2026-03-26 05:40:00.000000,51988.628925566765,-7.997639697457136,57.35324401398861,False,anomalous_eval_run_5,anomalous_eval,anomalous_eval_run_5.csv,52857.105845310885,-8.416349291286423,45.7052022773845,-868.4769197441201,0.41870959382928685,11.648041736604107,39.78081648314401,-907.762180719818,0.11585371,0.30356586,0.21909539327025412,True,0.668174533427101,False
44.69202797202797,-80.52195804195804,0.0,2026-03-26 05:45:00.000000,52031.0355823851,-7.998794600664472,57.34677185166833,False,anomalous_eval_run_5,anomalous_eval,anomalous_eval_run_5.csv,52858.563270753446,-8.414312657890354,45.71422678473161,-827.5276883683473,0.4155180572258823,11.632545066936721,40.9492313757728,-868.0874481132438,0.11585371,0.30356586,0.21909539327025412,True,0.6366696851730256,False
44.70321678321678,-80.50517482517482,0.0,2026-03-26 05:50:00.000000,52074.28315567071,-7.999565776856826,57.34244140011676,False,anomalous_eval_run_5,anomalous_eval,anomalous_eval_run_5.csv,52860.02046467999,-8.412275140630099,45.72324954877119,-785.7373090092806,0.4127093637732733,11.619191851345569,41.79037935906672,-827.2473057072493,0.11585371,0.30356586,0.21909539327025412,True,0.6045176882745783,False
44.71440559440559,-80.48839160839161,0.0,2026-03-26 05:55:00.000000,52118.03788879605,-7.999951737456853,57.34027146315673,False,anomalous_eval_run_5,anomalous_eval,anomalous_eval_run_5.csv,52861.47742701844,-8.410236740068575,45.732270569159176,-743.4395382223956,0.4102850026117215,11.608000893997556,42.29777078688494,-785.5681785333412,0.11585371,0.30356586,0.21909539327025412,True,0.5719753228783162,False
44.72559440559441,-80.47160839160838,0.0,2026-03-26 06:00:00.000000,52511.96211120395,-7.999951737456853,57.34027146315673,True,anomalous_eval_run_5,anomalous_eval,anomalous_eval_run_5.csv,52862.9341576967,-8.4081974567689,45.741289845551556,-350.972046492745,0.40824571931204634,11.598981617605176,392.46749172965065,-626.7162979081404,0.1205004,0.47289306,0.31431636288762094,True,0.2700251187795972,False
44.736783216783216,-80.45482517482517,0.0,2026-03-26 06:05:00.000000,52555.71684432929,-7.999565776856826,57.34244140011676,True,anomalous_eval_run_5,anomalous_eval,anomalous_eval_run_5.csv,52864.390656642696,-8.406157291294395,45.750307377604365,-308.6738123134055,0.4065915144375696,11.592134022512397,42.29823417933949,-467.6951323428487,0.1205004,0.47289306,0.31431636288762094,True,0.23748239686604597,False
44.747972027972025,-80.43804195804195,0.0,2026-03-26 06:10:00.000000,52598.9644176149,-7.998794600664472,57.34677185166833,True,anomalous_eval_run_5,anomalous_eval,anomalous_eval_run_5.csv,52865.84692378435,-8.404116244208574,45.75932316497373,-266.8825061694515,0.4053216435441014,11.5874486866946,41.79130614395399,-308.8427883252007,0.1205004,0.47289306,0.31431636288762094,True,0.20532968693303724,False
44.75916083916084,-80.42125874125874,0.0,2026-03-26 06:15:00.000000,52641.37107443324,-7.997639697457136,57.35324401398861,True,anomalous_eval_run_5,anomalous_eval,anomalous_eval_run_5.csv,52867.30295904962,-8.402074316075154,45.76833720731584,-225.93188461638056,0.4044346186180183,11.58490680667277,40.95062155307096,-267.1627343664125,0.1205004,0.47289306,0.31431636288762094,True,0.1738237691271447,False
44.77034965034965,-80.40447552447552,0.0,2026-03-26 06:20:00.000000,52332.60954780283,-7.996103296508445,57.361829783450936,False,anomalous_eval_run_5,anomalous_eval,anomalous_eval_run_5.csv,52868.75876236645,-8.400031507458054,45.777349504286924,-536.1492145636221,0.4039282109496094,11.584480279164012,-310.2173299472415,-342.98786844981805,0.1205004,0.47289306,0.31431636288762094,True,0.41249369228361726,False
44.78153846153846,-80.3876923076923,0.0,2026-03-26 06:25:00.000000,52372.361586021885,-7.99418836348521,57.37249187865729,False,anomalous_eval_run_5,anomalous_eval,anomalous_eval_run_5.csv,52870.21433366279,-8.397987818921392,45.78636005554332,-497.8527476409072,0.40379945543618145,11.586131823113973,38.2964669227149,-419.9779489403033,0.1205004,0.47289306,0.31431636288762094,True,0.3830297844511205,False
44.79272727272727,-80.3709090909091,0.0,2026-03-26 06:30:00.000000,52410.3204087278,-7.9918985947229,57.385184002322745,False,anomalous_eval_run_5,anomalous_eval,anomalous_eval_run_5.csv,52871.669672866636,-8.395943251029475,45.795368860741405,-461.3492641388366,0.40404465630657516,11.58981514158134,36.503483502070594,-498.45040878112195,0.120105416,0.3121615,0.2257362648844719,True,0.3549453328059966,False
44.803916083916086,-80.35412587412587,0.0,2026-03-26 06:35:00.000000,52446.19307442839,-7.989238410090709,57.39985104230897,False,anomalous_eval_run_5,anomalous_eval,anomalous_eval_run_5.csv,52873.12477990595,-8.39389780434682,45.804375919537634,-426.9317054775602,0.4046593942561101,11.595475122771333,34.417558661276416,-462.0445724191013,0.120105416,0.3121615,0.2257362648844719,True,0.32846571581516876,False
44.815104895104895,-80.33734265734266,0.0,2026-03-26 06:40:00.000000,52479.70274123367,-7.986212944460035,57.41642931093393,False,anomalous_eval_run_5,anomalous_eval,anomalous_eval_run_5.csv,52874.57965470872,-8.391851479438143,45.8133812315885,-394.8769134750546,0.40563853497810864,11.603048079345427,32.054792002505565,-427.71929436381714,0.120105416,0.3121615,0.2257362648844719,True,0.30380392549760066,False
44.8262937062937,-80.32055944055944,0.0,2026-03-26 06:45:00.000000,52510.590803341445,-7.982828037792783,57.43484682151852,False,anomalous_eval_run_5,anomalous_eval,anomalous_eval_run_5.csv,52876.03429720296,-8.38980427686835,45.822384796550615,-365.4434938615159,0.40697623907556757,11.612462024967904,29.433419613538717,-395.7507042713769,0.120105416,0.3121615,0.2257362648844719,True,0.2811589236900285,False
44.83748251748251,-80.30377622377623,0.0,2026-03-26 06:50:00.000000,52538.618886788565,-7.97909022386868,57.45502360096939,False,anomalous_eval_run_5,anomalous_eval,anomalous_eval_run_5.csv,52877.488707316676,-8.38775619720255,45.83138661408063,-338.8698205281107,0.40866597333387045,11.623636986888762,26.573673333405168,-366.3967426215604,0.120105416,0.3121615,0.2257362648844719,True,0.2607141065885865,False
44.84867132867133,-80.286993006993,0.0,2026-03-26 06:55:00.000000,52563.57068906607,-7.975006717673319,57.47687203704061,False,anomalous_eval_run_5,anomalous_eval,anomalous_eval_run_5.csv,52878.94288497788,-8.385707241006056,45.84038668383524,-315.37219591180474,0.41070052333273743,11.636485353205366,23.497624616305984,-339.8951701004771,0.120105416,0.3121615,0.2257362648844719,True,0.24263588941584777,False
44.85986013986014,-80.27020979020979,0.0,2026-03-26 07:00:00.000000,52585.25364840122,-7.970585401471296,57.50029725876633,False,anomalous_eval_run_5,anomalous_eval,anomalous_eval_run_5.csv,52880.3968301146,-8.383657408844364,45.84938500547124,-295.143181713378,0.41307200737306804,11.65091225329509,20.22901419842674,-316.4617327177645,0.11429783,0.11443478,0.11437315158545971,False,0.22707242213601914,False
44.87104895104895,-80.25342657342657,0.0,2026-03-26 07:05:00.000000,52603.5004298239,-7.965834809591326,57.5251975484125,False,anomalous_eval_run_5,anomalous_eval,anomalous_eval_run_5.csv,52881.85054265489,-8.381606701283191,45.85838157864548,-278.3501128309872,0.41577189169186557,11.666815969767022,16.7930688823908,-296.28849681872333,0.11429783,0.11443478,0.11437315158545971,False,0.2141524461295104,False
44.88223776223776,-80.23664335664336,0.0,2026-03-26 07:10:00.000000,52618.17021654906,-7.960764111952687,57.551464783158735,False,anomalous_eval_run_5,anomalous_eval,anomalous_eval_run_5.csv,52883.304022526776,-8.379555118888428,45.867376403014866,-265.133805977719,0.41879100693574056,11.68408838014387,13.216306853268179,-279.54236684069474,0.11429783,0.11443478,0.11437315158545971,False,0.20398430065028028,False
44.893426573426574,-80.21986013986013,0.0,2026-03-26 07:15:00.000000,52629.14979670903,-7.95538309636482,57.57898490459271,False,anomalous_eval_run_5,anomalous_eval,anomalous_eval_run_5.csv,52884.75726965833,-8.377502662226178,45.8763694782364,-255.60747294929752,0.42211956586135724,11.70261542635631,9.526333028421504,-266.3637972526679,0.11429783,0.11443478,0.11437315158545971,False,0.19665508673356258,False
44.90461538461538,-80.20307692307692,0.0,2026-03-26 07:20:00.000000,52636.35443704903,-7.949702149634221,57.60763841397812,False,anomalous_eval_run_5,anomalous_eval,anomalous_eval_run_5.csv,52886.21028397762,-8.375449331862741,45.88536080396711,-249.85584692859265,0.4257471822285206,11.722277610011012,5.751626020704862,-256.8657086185364,0.11429783,0.11443478,0.11437315158545971,False,0.1922299950063536,False
44.91580419580419,-80.18629370629371,0.0,2026-03-26 07:25:00.000000,52639.72853684327,-7.943732237515104,57.63730089114589,False,anomalous_eval_run_5,anomalous_eval,anomalous_eval_run_5.csv,52887.663065412715,-8.37339512836461,45.894350379864136,-247.9345285694435,0.4296628908495057,11.742950511281755,1.9213183591491543,-251.13261614911121,0.11429783,0.11443478,0.11437315158545971,False,0.19075180258810528,False
44.92699300699301,-80.16951048951049,0.0,2026-03-26 07:30:00.000000,52639.24605698523,-7.937484883542567,57.667843534755306,False,anomalous_eval_run_5,anomalous_eval,anomalous_eval_run_5.csv,52889.11561389172,-8.371340052298475,45.903338205584646,-249.86955690649484,0.43385516875590824,11.76450532917066,-1.9350283370513353,-249.219977468177,0.10365348,0.12577567,0.1158206831663847,False,0.1922405429643705,False
44.93818181818182,-80.15272727272728,0.0,2026-03-26 07:35:00.000000,52634.91072094047,-7.930972146789057,57.69913372157929,False,anomalous_eval_run_5,anomalous_eval,anomalous_eval_run_5.csv,52890.56792934271,-8.36928410423123,45.9123242807859,-255.65720840224094,0.4383119574421732,11.786809440793384,-5.787651495746104,-251.15376462605977,0.10365348,0.12577567,0.1158206831663847,False,0.19669335138091218,False
44.94937062937063,-80.13594405594405,0.0,2026-03-26 07:40:00.000000,52626.7559860114,-7.92420659858712,57.731035582385104,False,anomalous_eval_run_5,anomalous_eval,anomalous_eval_run_5.csv,52892.020011693814,-8.367227284729958,45.9213086051252,-265.2640256824161,0.4430206861428383,11.809726977259906,-9.606817280175164,-256.9302636637173,0.10365348,0.12577567,0.1158206831663847,False,0.20408448695166712,False
44.96055944055944,-80.11916083916084,0.0,2026-03-26 07:45:00.000000,52614.84478513555,-7.917201298263357,57.76341059191003,False,anomalous_eval_run_5,anomalous_eval,anomalous_eval_run_5.csv,52893.47186087313,-8.365169594361943,45.93029117825995,-278.62707573757507,0.447968296098586,11.833119413650081,-13.363050055158965,-266.51610327407735,0.10365348,0.12577567,0.1158206831663847,False,0.21436553130964447,False
44.97174825174825,-80.10237762237762,0.0,2026-03-26 07:50:00.000000,52599.269041210166,-7.909969767930407,57.7961181703701,False,anomalous_eval_run_5,anomalous_eval,anomalous_eval_run_5.csv,52894.92347680879,-8.363111033694668,45.939271999847584,-295.65443559862615,0.4531412657642617,11.856846170522516,-17.02735986105108,-279.8485123395391,0.10365348,0.12577567,0.1158206831663847,False,0.22746576226800458,False
44.98293706293706,-80.0855944055944,0.0,2026-03-26 07:55:00.000000,52580.14895769103,-7.902525966385636,57.82901629389008,False,anomalous_eval_run_5,anomalous_eval,anomalous_eval_run_5.csv,52896.37485942893,-8.361051603295808,45.94825106954562,-316.2259017378965,0.45852563691017156,11.880765224344458,-20.571466139270342,-296.8358043580326,0.10365348,0.12577567,0.1158206831663847,False,0.24329269960741962,False
44.99412587412587,-80.06881118881118,0.0,2026-03-26 08:00:00.000000,52557.63209094049,-7.894884262166912,57.86196211120396,False,anomalous_eval_run_5,anomalous_eval,anomalous_eval_run_5.csv,52897.8260086617,-8.358991303733237,45.95722838701165,-340.1939177212116,0.4641070415663249,11.904733724192312,-23.968015983315127,-317.35808501924475,0.09867373,0.16028337,0.13255903348326684,False,0.26173281877782123,False
45.00531468531468,-80.05202797202797,0.0,2026-03-26 08:05:00.000000,52531.89221148341,-7.887059405817452,57.89481256394826,False,anomalous_eval_run_5,anomalous_eval,anomalous_eval_run_5.csv,52899.276924435246,-8.356930135575029,45.96620395190332,-367.3847129518326,0.4698707297575764,11.92860861204494,-27.190795230621006,-341.26817747031356,0.09867373,0.16028337,0.13255903348326684,False,0.2826524270065407,False
45.016503496503496,-80.03524475524475,0.0,2026-03-26 08:10:00.000000,52503.1279629594,-7.879066501413324,57.92742500785454,False,anomalous_eval_run_5,anomalous_eval,anomalous_eval_run_5.csv,52900.72760667774,-8.354868099389442,45.97517776387836,-397.5996437183421,0.4758015979761181,11.952247243976181,-30.214930766509497,-368.39275813046214,0.09867373,0.16028337,0.13255903348326684,False,0.30589869505174433,False
45.02769230769231,-80.01846153846154,0.0,2026-03-26 08:15:00.000000,52471.5613291204,-7.870920977408507,57.95965783214378,False,anomalous_eval_run_5,anomalous_eval,anomalous_eval_run_5.csv,52902.17805531735,-8.352805195744946,45.98414982259453,-430.6167261969531,0.4818842183364387,11.975508009549252,-33.01708247861097,-398.5336942890426,0.09867373,0.16028337,0.13255903348326684,False,0.33130083663861565,False
45.03888111888112,-80.00167832167833,0.0,2026-03-26 08:20:00.000000,52437.43592070461,-7.8626385568538355,57.99137107443324,False,anomalous_eval_run_5,anomalous_eval,anomalous_eval_run_5.csv,52903.62827028228,-8.350741425210199,45.9931201277097,-466.19234957767185,0.4881028683563633,11.998250946723537,-35.57562338071875,-431.46957316432236,0.09867373,0.16028337,0.13255903348326684,False,0.3586714264762749,False
45.05006993006993,-79.9848951048951,0.0,2026-03-26 08:25:00.000000,52401.015095407296,-7.854235227047282,58.02242702848544,False,anomalous_eval_run_5,anomalous_eval,anomalous_eval_run_5.csv,52905.0782515007,-8.348676788354053,46.002088678881776,-504.06315609340527,0.49444156130677097,12.020338349603662,-37.87080651573342,-466.9574106226767,0.09867373,0.16028337,0.13255903348326684,False,0.38780784668374985,False
45.06125874125874,-79.96811188811189,0.0,2026-03-26 08:30:00.000000,52362.57992545749,-7.845727208674179,58.05269084216054,False,anomalous_eval_run_5,anomalous_eval,anomalous_eval_run_5.csv,52906.52799890083,-8.34661128574556,46.01105547576876,-543.9480734433382,0.5008840770713805,12.04163536639178,-39.88491734993295,-504.73452637147176,0.0946573,0.21063745,0.15844638347625734,False,0.41849385046255133,False
45.07244755244755,-79.95132867132867,0.0,2026-03-26 08:35:00.000000,52322.42702848543,-7.837130924496926,58.08203110297557,False,anomalous_eval_run_5,anomalous_eval,anomalous_eval_run_5.csv,52907.97751241087,-8.344544917953968,46.02002051802869,-585.5504839254427,0.5074139934570416,12.062010584946883,-41.60241048210446,-544.520571154062,0.0946573,0.21063745,0.15844638347625734,False,0.4505012309482791,False
45.08363636363636,-79.93454545454546,0.0,2026-03-26 08:40:00.000000,52280.86627842071,-7.828462967654656,58.1103204087278,False,anomalous_eval_run_5,anomalous_eval,anomalous_eval_run_5.csv,52909.426791959064,-8.342477685548715,46.0289838053197,-628.5605135383521,0.5140147178940593,12.081336603408104,-43.01002961290942,-586.0196903023776,0.0946573,0.21063745,0.15844638347625734,False,0.483591582362291,False
45.094825174825175,-79.91776223776223,0.0,2026-03-26 08:45:00.000000,52238.21841408695,-7.819740069634009,58.13743592070461,False,anomalous_eval_run_5,anomalous_eval,anomalous_eval_run_5.csv,52910.875837473635,-8.340409589099439,46.03794533729996,-672.657423386685,0.5206695194654296,12.099490583404652,-44.09690984833287,-628.92280695016,0.0946573,0.21063745,0.15844638347625734,False,0.5175181398719227,False
45.106013986013984,-79.90097902097902,0.0,2026-03-26 08:50:00.000000,52194.81256394826,-7.810979067972865,58.16325989707761,False,anomalous_eval_run_5,anomalous_eval,anomalous_eval_run_5.csv,52912.324648882815,-8.338340629175972,46.04690511362772,-717.5120849345549,0.5273615612031071,12.116354783449886,-44.85466154786991,-672.9100072865307,0.0946573,0.21063745,0.15844638347625734,False,0.5520276839604505,False
45.11720279720279,-79.8841958041958,0.0,2026-03-26 08:55:00.000000,52150.98370610992,-7.802196873759377,58.18768020416488,False,anomalous_eval_run_5,anomalous_eval,anomalous_eval_run_5.csv,52913.77322611487,-8.336270806348343,46.05586313396132,-762.7895200049534,0.5340739325889663,12.13181707020356,-45.2774350703985,-717.6530094420644,0.0946573,0.21063745,0.15844638347625734,False,0.5868624946101716,False
45.1283916083916,-79.86741258741259,0.0,2026-03-26 09:00:00.000000,52107.070083175415,-7.793410438989015,58.21059080334145,False,anomalous_eval_run_5,anomalous_eval,anomalous_eval_run_5.csv,52915.22156909807,-8.334200121186775,46.06481939795913,-808.1514859226518,0.5407896821977607,12.14577140538232,-45.3619659176984,-762.8176969540533,0.09376311,0.22052404,0.16348162442445757,False,0.6217623402172654,False
45.13958041958042,-79.85062937062936,0.0,2026-03-26 09:05:00.000000,52063.410591910026,-7.78463672384267,58.23189221148342,False,anomalous_eval_run_5,anomalous_eval,anomalous_eval_run_5.csv,52916.66967776066,-8.332128574261679,46.073773905279616,-853.2590858506373,0.5474918504190089,12.158118306203804,-45.107599927985575,-808.0666972594141,0.09376311,0.22052404,0.16348162442445757,False,0.6564664858896434,False
45.15076923076923,-79.83384615384615,0.0,2026-03-26 09:10:00.000000,52020.34216785622,-7.775892663948935,58.251491932946834,False,anomalous_eval_run_5,anomalous_eval,anomalous_eval_run_5.csv,52918.11755203095,-8.330056166143672,46.08272665558128,-897.7753841747253,0.5541635021947373,12.168765277365551,-44.516298324087984,-853.0619853160048,0.09376311,0.22052404,0.16348162442445757,False,0.6907157056286812,False
45.16195804195804,-79.81706293706294,0.0,2026-03-26 09:15:00.000000,51978.19718508436,-7.767195137693795,58.26930486120509,False,anomalous_eval_run_5,anomalous_eval,anomalous_eval_run_5.csv,52919.565191837224,-8.32798289740356,46.091677648522726,-941.3680067528621,0.5607877597097648,12.177627212682367,-43.5926225781368,-897.4674922594082,0.09376311,0.22052404,0.16348162442445757,False,0.7242542828663954,False
45.17314685314685,-79.80027972027972,0.0,2026-03-26 09:20:00.000000,51937.30089114588,-7.758560933640806,58.28525364840122,False,anomalous_eval_run_5,anomalous_eval,anomalous_eval_run_5.csv,52921.01259710778,-8.325908768612342,46.10062688376261,-983.7117059618977,0.5673478349715362,12.184626764638615,-42.34369920903555,-940.9516989631617,0.09376311,0.22052404,0.16348162442445757,False,0.7568319839190737,False
45.18433566433566,-79.78349650349651,0.0,2026-03-26 09:25:00.000000,51897.96889702443,-7.75000671812465,58.29926904121017,False,anomalous_eval_run_5,anomalous_eval,anomalous_eval_run_5.csv,52922.45976777093,-8.323833780341213,46.10957436095964,-1024.4908707465001,0.5738270622165622,12.189694680250525,-40.77916478460247,-983.1901944870866,0.09376311,0.22052404,0.16348162442445757,False,0.7882059891275559,False
45.19552447552447,-79.76671328671328,0.0,2026-03-26 09:30:00.000000,51860.5047414556,-7.741549003080636,58.31129018155274,False,anomalous_eval_run_5,anomalous_eval,anomalous_eval_run_5.csv,52923.906703755,-8.32175793316156,46.118520079772615,-1063.4019622993947,0.5802089300809241,12.192770101780127,-38.911091552894504,-1023.8681796692641,0.095140666,0.19818622,0.1518157199025154,False,0.8181427667809618,False
45.20671328671328,-79.74993006993007,0.0,2026-03-26 09:35:00.000000,51825.19754841249,-7.73320411417222,58.3212648708555,False,anomalous_eval_run_5,anomalous_eval,anomalous_eval_run_5.csv,52925.35340498832,-8.31968122764497,46.12746403986039,-1100.1558565758241,0.5864771134727507,12.193800830995109,-36.75389427642949,-1062.682896540573,0.095140666,0.19818622,0.1518157199025154,False,0.8464198753620601,False
45.2179020979021,-79.73314685314685,0.0,2026-03-26 09:40:00.000000,51792.31979583512,-7.724988159278087,58.32914979670904,False,anomalous_eval_run_5,anomalous_eval,anomalous_eval_run_5.csv,52926.79987139923,-8.317603664363219,46.1364062408819,-1134.4800755641045,0.5926155050851314,12.192743555827143,-34.324218988280336,-1099.3459648131077,0.095140666,0.19818622,0.1518157199025154,False,0.8728276802056258,False
45.22909090909091,-79.71636363636364,0.0,2026-03-26 09:45:00.000000,51762.12521282287,-7.716916997399623,58.33491072094047,False,anomalous_eval_run_5,anomalous_eval,anomalous_eval_run_5.csv,52928.24610291608,-8.315525243888274,46.145346682496104,-1166.1208900932033,0.5986082464886513,12.189564038444367,-31.64081452909886,-1133.585607411044,0.095140666,0.19818622,0.1518157199025154,False,0.8971709713220588,False
45.24027972027972,-79.69958041958041,0.0,2026-03-26 09:50:00.000000,51734.84682151852,-7.709006208048767,58.33852262828353,False,anomalous_eval_run_5,anomalous_eval,anomalous_eval_run_5.csv,52929.69209946724,-8.313445966792305,46.15428536436209,-1194.8452779487197,0.6044397587435375,12.184237263921439,-28.724387855516397,-1165.1487478686759,0.095140666,0.19818622,0.1518157199025154,False,0.9192704699005513,False
45.251468531468525,-79.6827972027972,0.0,2026-03-26 09:55:00.000000,51710.69513879491,-7.701271061175376,58.33996983500061,False,anomalous_eval_run_5,anomalous_eval,anomalous_eval_run_5.csv,52931.13786098106,-8.311365833647665,46.16322228613895,-1220.4427221861552,0.6100947724722889,12.176747548861663,-25.59744423743541,-1193.8029634093593,0.095140666,0.19818622,0.1518157199025154,False,0.938964211865869,False
45.26265734265734,-79.66601398601398,0.0,2026-03-26 10:00:00.000000,51689.85655162276,-7.693726487692112,58.33924605698523,False,anomalous_eval_run_5,anomalous_eval,anomalous_eval_run_5.csv,52932.58338738595,-8.309284845026905,46.172157447485915,-1242.726835763191,0.6155583573347929,12.167088609499316,-22.284113577035896,-1219.3382786326886,0.093974404,0.21195778,0.15886526219546795,False,0.9561087978112957,False
45.27384615384615,-79.64923076923077,0.0,2026-03-26 10:05:00.000000,51672.491878657296,-7.686387050653769,58.33635443704903,False,anomalous_eval_run_5,anomalous_eval,anomalous_eval_run_5.csv,52934.02867861027,-8.30720300150277,46.18109084806221,-1261.5367999529772,0.6208159508490017,12.15526358898682,-18.809964189786115,-1241.568785967441,0.093974404,0.21195778,0.15886526219546795,False,0.9705804996614655,False
45.28503496503496,-79.63244755244756,0.0,2026-03-26 10:10:00.000000,51658.7351291445,-7.679266917146659,58.33130753127499,False,anomalous_eval_run_5,anomalous_eval,anomalous_eval_run_5.csv,52935.47373458245,-8.305120303648199,46.19002248752717,-1276.7386054379458,0.6258533865015394,12.141285043747814,-15.201805484968645,-1260.3340803847047,0.093974404,0.21195778,0.15886526219546795,False,0.9822762155247738,False
45.296223776223776,-79.61566433566433,0.0,2026-03-26 10:15:00.000000,51648.69246872501,-7.672379830942334,58.32412725449599,False,anomalous_eval_run_5,anomalous_eval,anomalous_eval_run_5.csv,52936.91855523088,-8.303036752036318,46.19895236554021,-1288.2260865058706,0.6306569210939843,12.125174888955783,-11.487481067924818,-1275.5004972989311,0.093974404,0.21195778,0.15886526219546795,False,0.9911142653661845,False
45.307412587412585,-79.59888111888112,0.0,2026-03-26 10:20:00.000000,51642.44140011675,-7.665739085968406,58.31484478513556,False,anomalous_eval_run_5,anomalous_eval,anomalous_eval_run_5.csv,52938.363140483976,-8.300952347240454,46.20788048176076,-1295.9217403672228,0.6352132612720478,12.106964303374802,-7.695653861352184,-1286.9621441036797,0.093974404,0.21195778,0.15886526219546795,False,0.9970350213601843,False
45.3186013986014,-79.5820979020979,0.0,2026-03-26 10:25:00.000000,51640.03016499939,-7.6593575006476975,58.30350042982391,False,anomalous_eval_run_5,anomalous_eval,anomalous_eval_run_5.csv,52939.80749027019,-8.298867089834118,46.21680683584836,-1299.7773252707993,0.6395095891864209,12.086693593975554,-3.8555849035765277,-1294.6417173812977,0.093974404,0.21195778,0.15886526219546795,False,1.0000013680591788,True
45.32979020979021,-79.56531468531469,0.0,2026-03-26 10:30:00.000000,51641.47737171648,-7.653247393155239,58.29014344837724,False,anomalous_eval_run_5,anomalous_eval,anomalous_eval_run_5.csv,52941.25160451794,-8.296780980391022,46.2257314274626,-1299.7742328014647,0.6435335872357824,12.064412020914645,0.0030924693346605636,-1298.491099479829,0.093190305,0.21546742,0.16044271998107434,False,0.9999989888258245,False
45.34097902097902,-79.54853146853146,0.0,2026-03-26 10:35:00.000000,51646.77185166832,-7.647420557640879,58.27483183990024,False,anomalous_eval_run_5,anomalous_eval,anomalous_eval_run_5.csv,52942.695483155694,-8.294694019485064,46.234654256263156,-1295.9236314873706,0.6472734618441853,12.040177583637082,3.8506013140940922,-1298.4917298532116,0.093190305,0.21546742,0.16044271998107434,False,0.9970364763191978,False
45.35216783216783,-79.53174825174825,0.0,2026-03-26 10:40:00.000000,51655.87274550401,-7.641888241463404,58.2576320909405,False,anomalous_eval_run_5,anomalous_eval,anomalous_eval_run_5.csv,52944.13912611189,-8.292606207690335,46.24357532190973,-1288.266380607878,0.6507179662269316,12.014056769030766,7.657250879492494,-1294.6547482989045,0.093190305,0.21546742,0.16044271998107434,False,0.9911452661817464,False
45.36335664335664,-79.51496503496503,0.0,2026-03-26 10:45:00.000000,51668.70981844726,-7.636661123480115,58.238618886788565,False,anomalous_eval_run_5,anomalous_eval,anomalous_eval_run_5.csv,52945.58253331503,-8.290517545581121,46.25249462406214,-1276.8727148677644,0.6538564221010059,11.986124262726428,11.393665740113647,-1287.020908987671,0.093190305,0.21546742,0.16044271998107434,False,0.9823793944391008,False
45.37454545454545,-79.49818181818182,0.0,2026-03-26 10:50:00.000000,51685.18400232274,-7.631749293433764,58.21787478717713,False,anomalous_eval_run_5,anomalous_eval,anomalous_eval_run_5.csv,52947.02570469355,-8.288428033731899,46.261412162380246,-1261.8417023708098,0.6566787402981351,11.956462624796885,15.031012496954645,-1275.6602659488174,0.093190305,0.21546742,0.16044271998107434,False,0.9708150804846798,False
45.38573426573426,-79.4813986013986,0.0,2026-03-26 10:55:00.000000,51705.16816009977,-7.62716223247663,58.19548986778756,False,anomalous_eval_run_5,anomalous_eval,anomalous_eval_run_5.csv,52948.468640175975,-8.286337672717336,46.27032793652396,-1243.3004800762064,0.6591754402407055,11.925161931263595,18.541222294603358,-1260.6716324382603,0.093190305,0.21546742,0.16044271998107434,False,0.9565501388676765,False
45.39692307692307,-79.46461538461539,0.0,2026-03-26 11:00:00.000000,51728.508067053175,-7.622908794869358,58.1715613291204,False,anomalous_eval_run_5,anomalous_eval,anomalous_eval_run_5.csv,52949.91133969079,-8.284246463112291,46.27924194615332,-1221.4032726376172,0.6613376682429335,11.89231938296708,21.89720743858925,-1242.1818183615444,0.09150806,0.20319763,0.15293732285499573,False,0.9397032244235406,False
45.40811188811188,-79.44783216783217,0.0,2026-03-26 11:05:00.000000,51755.02360096938,-7.618997190889846,58.14619307442839,False,anomalous_eval_run_5,anomalous_eval,anomalous_eval_run_5.csv,52951.3538031665,-8.282154405491818,46.28815419092835,-1196.3302021971176,0.6631572146019717,11.858038883500036,25.073070440499578,-1220.3446516369804,0.09150806,0.20319763,0.15293732285499573,False,0.9204129165727555,False
45.4193006993007,-79.43104895104895,0.0,2026-03-26 11:10:00.000000,51784.51013221245,-7.61543497098521,58.11949525854441,False,anomalous_eval_run_5,anomalous_eval,anomalous_eval_run_5.csv,52952.796030531645,-8.280061500431158,46.29706467050921,-1168.2858983191982,0.6646265294459477,11.822430588035203,28.044303877919447,-1195.339791051311,0.09150806,0.20319763,0.15293732285499573,False,0.8988366498546514,False
45.43048951048951,-79.41426573426574,0.0,2026-03-26 11:15:00.000000,51816.7401029224,-7.612229011197384,58.09158380956376,False,anomalous_eval_run_5,anomalous_eval,anomalous_eval_run_5.csv,52954.238021714715,-8.277967748505743,46.305973384556076,-1137.4979187923163,0.6657387373083594,11.785610425007683,30.787979526881827,-1167.371339769544,0.09150806,0.20319763,0.15293732285499573,False,0.8751494989495952,False
45.44167832167832,-79.39748251748252,0.0,2026-03-26 11:20:00.000000,51851.464783158735,-7.609385499890516,58.06257992545749,False,anomalous_eval_run_5,anomalous_eval,anomalous_eval_run_5.csv,52955.67977664428,-8.275873150291204,46.31488033272923,-1104.214993485548,0.666487650400688,11.74769959272826,33.28292530676845,-1136.6662701990208,0.09150806,0.20319763,0.15293732285499573,False,0.8495428275662136,False
45.45286713286713,-79.3806993006993,0.0,2026-03-26 11:25:00.000000,51888.41619043625,-7.60690992580576,58.03260954780284,False,anomalous_eval_run_5,anomalous_eval,anomalous_eval_run_5.csv,52957.12129524889,-8.273777706363349,46.32378551468901,-1068.705104812645,0.6668677805575891,11.708824033113835,35.50988867290289,-1103.472672363503,0.09150806,0.20319763,0.15293732285499573,False,0.8222228116203024,False
45.46405594405594,-79.36391608391608,0.0,2026-03-26 11:30:00.000000,51927.30915783946,-7.604807067466531,58.00180281491565,False,anomalous_eval_run_5,anomalous_eval,anomalous_eval_run_5.csv,52958.56257745709,-8.271681417298192,46.33268893009581,-1031.2534196176275,0.6668743498316605,11.669113884819836,37.45168519501749,-1068.0578393052735,0.08799925,0.20603,0.15291615910828113,False,0.7934088481028696,False
45.47524475524475,-79.34713286713287,0.0,2026-03-26 11:35:00.000000,51967.8435347553,-7.603080983954668,57.970293496759794,False,anomalous_eval_run_5,anomalous_eval,anomalous_eval_run_5.csv,52960.003623197445,-8.269584283671927,46.3415905786101,-992.1600884421423,0.6665032997172586,11.628702918149692,39.09333117548522,-1030.7062042908049,0.08799925,0.20603,0.15291615910828113,False,0.7633318619165389,False
45.48643356643356,-79.33034965034965,0.0,2026-03-26 11:40:00.000000,52009.70650324021,-7.601735007075319,57.93821841408696,False,anomalous_eval_run_5,anomalous_eval,anomalous_eval_run_5.csv,52961.44443239855,-8.26748630606094,46.35049045989242,-951.737929158342,0.6657512989856214,11.587727954194541,40.42215928380028,-991.7171457393706,0.08799925,0.20603,0.15291615910828113,False,0.7322325237469915,False
45.49762237762237,-79.31356643356644,0.0,2026-03-26 11:45:00.000000,52052.57499214547,-7.600771734925655,57.9057168443293,False,anomalous_eval_run_5,anomalous_eval,anomalous_eval_run_5.csv,52962.88500498897,-8.265387485041815,46.35938857360337,-910.3100128435035,0.6646157501161598,11.54632827072593,41.42791631483851,-951.4026768146626,0.08799925,0.20603,0.15291615910828113,False,0.7003593927227614,False
45.50881118881119,-79.29678321678321,0.0,2026-03-26 11:50:00.000000,52096.1181703701,-7.600193026879855,57.87292991682459,False,anomalous_eval_run_5,anomalous_eval,anomalous_eval_run_5.csv,52964.32534089733,-8.263287821191316,46.36828491940362,-868.2071705272319,0.6630947943114611,11.504644997420968,42.10284231627156,-910.0850375096925,0.08799925,0.20603,0.15291615910828113,False,0.6679669981972763,False
45.52,-79.28,0.0,2026-03-26 11:55:00.000000,52140.0,-7.6,57.84,False,anomalous_eval_run_5,anomalous_eval,anomalous_eval_run_5.csv,52965.76544005222,-8.261187315086403,46.37717949695392,-825.7654400522224,0.6611873150864032,11.462820503046082,42.441730475009535,-868.0942078076527,0.08799925,0.20603,0.15291615910828113,False,0.6353138754564515,False
44.46,-82.34,750.0,2026-03-27 12:00:00.000000,52245.0,-7.45,57.72,False,anomalous_eval_run_8,anomalous_eval,anomalous_eval_run_8.sqlite,52796.73522828688,-8.488446547930602,45.52672480094741,-551.7352282868815,1.0384465479306018,12.193275199052586,274.03021176534094,-748.5692796221119,0.100509785,0.27426043,0.19607264064252378,True,0.4244850039820278,False
44.47118881118881,-82.3232167832168,750.0,2026-03-27 12:05:00.000000,52288.8818296299,-7.450193026879855,57.752929916824584,False,anomalous_eval_run_8,anomalous_eval,anomalous_eval_run_8.sqlite,52798.198526431705,-8.486484988999019,45.5357836463106,-509.31669680180494,1.0362919621191633,12.217146270513986,42.41853148507653,-628.9391217136363,0.100509785,0.27426043,0.19607264064252378,True,0.3918497296997193,False
44.482377622377626,-82.30643356643357,750.0,2026-03-27 12:10:00.000000,52332.42500785453,-7.450771734925656,57.785716844329286,False,anomalous_eval_run_8,anomalous_eval,anomalous_eval_run_8.sqlite,52799.6615970987,-8.484522506741547,45.54484075517119,-467.2365892441667,1.0337507718158907,12.2408760891581,42.08010755763826,-509.4295047776177,0.100509785,0.27426043,0.19607264064252378,True,0.35947482647008455,False
44.493566433566436,-82.28965034965036,750.0,2026-03-27 12:15:00.000000,52375.29349675979,-7.451735007075319,57.81821841408695,False,anomalous_eval_run_8,anomalous_eval,anomalous_eval_run_8.sqlite,52801.12444021545,-8.482559101706219,45.553896127183776,-425.8309434556577,1.0308240946308995,12.264322286903173,41.40564578850899,-467.4614098338764,0.100509785,0.27426043,0.19607264064252378,True,0.32761882957826605,False
44.504755244755245,-82.27286713286713,750.0,2026-03-27 12:20:00.000000,52417.1564652447,-7.453080983954669,57.85029349675979,False,anomalous_eval_run_8,anomalous_eval,anomalous_eval_run_8.sqlite,52802.58705570958,-8.480594774441265,45.562949762003036,-385.43059046487906,1.027513790486596,12.287343734756753,40.40035299077863,-426.16604105490114,0.100509785,0.27426043,0.19607264064252378,True,0.2965362683769193,False
44.515944055944054,-82.25608391608392,750.0,2026-03-27 12:25:00.000000,52457.69084216054,-7.454807067466532,57.881802814915645,False,anomalous_eval_run_8,anomalous_eval,anomalous_eval_run_8.sqlite,52804.049443508695,-8.478629525495132,45.572001659283714,-346.3586013481545,1.0238224580286,12.30980115563193,39.07198911672458,-385.8733784228971,0.100509785,0.27426043,0.19607264064252378,True,0.2664757019938448,False
44.52713286713287,-82.2393006993007,750.0,2026-03-27 12:30:00.000000,52496.58380956375,-7.4569099258057605,57.91260954780283,False,anomalous_eval_run_8,anomalous_eval,anomalous_eval_run_8.sqlite,52805.51160354044,-8.476663355416472,45.58105181868063,-308.92779397669074,1.0197534296107111,12.331557729122203,37.43080737146374,-346.9056619299081,0.09944759,0.21097267,0.1607863835990429,False,0.23767780111399608,False
44.53832167832168,-82.22251748251749,750.0,2026-03-27 12:35:00.000000,52533.535216841265,-7.459385499890517,57.94257992545749,False,anomalous_eval_run_8,anomalous_eval,anomalous_eval_run_8.sqlite,52806.973535732446,-8.474696264754149,45.59010023984863,-273.43831889118155,1.0153107648636324,12.352479685608856,35.489475085509184,-309.57490473867557,0.09944759,0.21097267,0.1607863835990429,False,0.21037349063926356,False
44.54951048951049,-82.20573426573426,750.0,2026-03-27 12:40:00.000000,52568.2598970776,-7.462229011197384,57.971583809563754,False,anomalous_eval_run_8,anomalous_eval,anomalous_eval_run_8.sqlite,52808.43524001237,-8.472728254057234,45.59914692244267,-240.17534293476638,1.0104992428598498,12.372436887121083,33.262975956415175,-274.1804852675462,0.09944759,0.21097267,0.1607863835990429,False,0.18478216755997792,False
44.5606993006993,-82.18895104895105,750.0,2026-03-27 12:45:00.000000,52600.48986778755,-7.465434970985211,57.99949525854441,False,anomalous_eval_run_8,anomalous_eval,anomalous_eval_run_8.sqlite,52809.89671630784,-8.470759323875008,45.60819186611776,-209.4068485202879,1.0053243528897973,12.39130339242665,30.768494414478482,-241.0068367820786,0.09944759,0.21097267,0.1607863835990429,False,0.16111000779123502,False
44.571888111888114,-82.17216783216783,750.0,2026-03-27 12:50:00.000000,52629.97639903062,-7.468997190889847,58.026193074428384,False,anomalous_eval_run_8,anomalous_eval,anomalous_eval_run_8.sqlite,52811.35796454655,-8.468789474756958,45.617235070528956,-181.3815655159342,0.9997922838671114,12.408958003899428,28.025283004353696,-210.32125232366283,0.09944759,0.21097267,0.1607863835990429,False,0.13954837504097878,False
44.58307692307692,-82.15538461538462,750.0,2026-03-27 12:55:00.000000,52656.491932946825,-7.472908794869358,58.051561329120396,False,anomalous_eval_run_8,anomalous_eval,anomalous_eval_run_8.sqlite,52812.81898465617,-8.466818707252786,45.62627653533141,-156.32705170934787,0.9939099123834279,12.42528479378899,25.05451380658633,-182.37182191519,0.09944759,0.21097267,0.1607863835990429,False,0.12027234398894916,False
44.59426573426573,-82.13860139860141,750.0,2026-03-27 13:00:00.000000,52679.83183990023,-7.477162232476631,58.07548986778755,False,anomalous_eval_run_8,anomalous_eval,anomalous_eval_run_8.sqlite,52814.27977656438,-8.464847021912393,45.635316260180325,-134.44793666414625,0.9876847894357619,12.440173607607228,21.879115045201615,-157.38551796314277,0.100564115,0.14324725,0.12403983734548092,False,0.10343934917380465,False
44.60545454545455,-82.12181818181818,750.0,2026-03-27 13:05:00.000000,52699.81599767726,-7.481749293433764,58.097874787177126,False,anomalous_eval_run_8,anomalous_eval,anomalous_eval_run_8.sqlite,52815.74034019887,-8.462874419285894,45.64435424473096,-115.92434252161183,0.9811251258521301,12.453520542446164,18.52359414253442,-135.566443631702,0.100564115,0.14324725,0.12403983734548092,False,0.08918797001541831,False
44.61664335664336,-82.10503496503497,750.0,2026-03-27 13:10:00.000000,52716.29018155274,-7.486661123480116,58.11861888678856,False,anomalous_eval_run_8,anomalous_eval,anomalous_eval_run_8.sqlite,52817.20067548736,-8.460900899923617,45.653390488638664,-100.91049393462163,0.9742397764435013,12.465228398149897,15.013848586990207,-117.09425770679324,0.100564115,0.14324725,0.12403983734548092,False,0.07763686134863529,False
44.62783216783217,-82.08825174825175,750.0,2026-03-27 13:15:00.000000,52729.12725449599,-7.491888241463404,58.13763209094049,False,anomalous_eval_run_8,anomalous_eval,anomalous_eval_run_8.sqlite,52818.66078235754,-8.458926464376084,45.662424991558844,-89.53352786155301,0.9670382229126799,12.475207099381649,11.376966073068616,-102.12278810592882,0.100564115,0.14324725,0.12403983734548092,False,0.06888383772202204,False
44.63902097902098,-82.07146853146854,750.0,2026-03-27 13:20:00.000000,52738.22814833168,-7.497420557640879,58.15483183990023,False,anomalous_eval_run_8,anomalous_eval,anomalous_eval_run_8.sqlite,52820.12066073715,-8.456951113194041,45.67145775314695,-81.8925124054731,0.9595305555531617,12.48337408675328,7.641015456079913,-90.77884473388258,0.100564115,0.14324725,0.12403983734548092,False,0.06300511852844842,False
44.65020979020979,-82.05468531468532,750.0,2026-03-27 13:25:00.000000,52743.52262828352,-7.50324739315524,58.17014344837724,False,anomalous_eval_run_8,anomalous_eval,anomalous_eval_run_8.sqlite,52821.58031055391,-8.454974846928428,45.68048877305854,-78.05768227038789,0.9517274537731879,12.489654675318697,3.8348301350852125,-83.16124084580467,0.100564115,0.14324725,0.12403983734548092,False,0.06005473979295169,False
44.6613986013986,-82.0379020979021,750.0,2026-03-27 13:30:00.000000,52744.96983500061,-7.509357500647698,58.1835004298239,False,anomalous_eval_run_8,anomalous_eval,anomalous_eval_run_8.sqlite,52823.039731735575,-8.4529976661304,45.689518050949225,-78.06989673496719,0.9436401654827025,12.493982378874676,-0.01221446457930142,-79.34003047027606,0.10012044,0.13694954,0.12037644460797312,False,0.06006413715744785,False
44.67258741258741,-82.02111888111888,750.0,2026-03-27 13:35:00.000000,52742.55859988325,-7.515739085968407,58.19484478513555,False,anomalous_eval_run_8,anomalous_eval,anomalous_eval_run_8.sqlite,52824.49892420989,-8.451019571351322,45.698545586474644,-81.94032432664244,0.9352804853829157,12.496299198660907,-3.870427591675252,-79.35596777733251,0.10012044,0.13694954,0.12037644460797312,False,0.06304190328045886,False
44.68377622377622,-82.00433566433567,750.0,2026-03-27 13:40:00.000000,52736.307531274986,-7.522379830942334,58.20412725449599,False,anomalous_eval_run_8,anomalous_eval,anomalous_eval_run_8.sqlite,52825.9578879046,-8.44904056314276,45.707571379290535,-89.650356629616,0.9266607322004248,12.496555875205452,-7.710032302973559,-83.22019256374188,0.10012044,0.13694954,0.12037644460797312,False,0.068973721524132,False
44.69496503496504,-81.98755244755245,750.0,2026-03-27 13:45:00.000000,52726.2648708555,-7.52926691714666,58.21130753127498,False,anomalous_eval_run_8,anomalous_eval,anomalous_eval_run_8.sqlite,52827.41662274749,-8.447060642056488,45.71659542905273,-101.15175189199363,0.9177937249098287,12.494712102222252,-11.501395262377628,-90.91414428275068,0.10012044,0.13694954,0.12037644460797312,False,0.07782247644034102,False
44.706153846153846,-81.97076923076924,750.0,2026-03-27 13:50:00.000000,52712.508121342704,-7.53638705065377,58.21635443704903,False,anomalous_eval_run_8,anomalous_eval,anomalous_eval_run_8.sqlite,52828.87512866634,-8.445079808644492,45.725617735417075,-116.36700732363533,0.908692757990722,12.490736701631953,-15.215255431641708,-102.38970528174832,0.10012044,0.13694954,0.12037644460797312,False,0.08952854020310251,False
44.717342657342655,-81.95398601398603,750.0,2026-03-27 13:55:00.000000,52695.14344837724,-7.543726487692113,58.21924605698523,False,anomalous_eval_run_8,anomalous_eval,anomalous_eval_run_8.sqlite,52830.333405588935,-8.44309806345896,45.73463829803951,-135.1899572116963,0.899371575766847,12.484607758945714,-18.822949888060975,-117.56957214244176,0.10012044,0.13694954,0.12037644460797312,False,0.1040102327769045,False
44.72853146853147,-81.9372027972028,750.0,2026-03-27 14:00:00.000000,52674.30486120509,-7.551271061175377,58.219969835000605,False,anomalous_eval_run_8,anomalous_eval,anomalous_eval_run_8.sqlite,52831.79145344307,-8.441115407052285,45.743657116576045,-157.48659223797586,0.8898443458769085,12.476312718424559,-22.296635026279546,-136.34785225776918,0.09769661,0.14172627,0.12191292308270932,False,0.12116445226965522,False
44.73972027972028,-81.92041958041959,750.0,2026-03-27 14:05:00.000000,52650.15317848148,-7.559006208048768,58.21852262828352,False,anomalous_eval_run_8,anomalous_eval,anomalous_eval_run_8.sqlite,52833.24927215654,-8.439131839977078,45.75267419068274,-183.09609367506346,0.8801256319283102,12.465848437600783,-25.6095014370876,-158.59088104157854,0.09769661,0.14172627,0.12191292308270932,False,0.1408674706055579,False
44.75090909090909,-81.90363636363637,750.0,2026-03-27 14:10:00.000000,52622.87478717713,-7.566916997399623,58.214910720940466,False,anomalous_eval_run_8,anomalous_eval,anomalous_eval_run_8.sqlite,52834.706861657185,-8.437147362786142,45.76168952001572,-211.8320744800585,0.8702303653865187,12.453221200924744,-28.73598080499505,-184.13825346436593,0.09769661,0.14172627,0.12191292308270932,False,0.1629758883774485,False
44.7620979020979,-81.88685314685316,750.0,2026-03-27 14:15:00.000000,52592.680204164884,-7.574988159278088,58.209149796709035,False,anomalous_eval_run_8,anomalous_eval,anomalous_eval_run_8.sqlite,52836.164221872816,-8.435161976032497,45.7707031042312,-243.48401770793134,0.8601738167544086,12.438446692477832,-31.651943227872835,-212.8040619543511,0.09769661,0.14172627,0.12191292308270932,False,0.18732774150968393,False
44.773286713286716,-81.87006993006993,750.0,2026-03-27 14:20:00.000000,52559.80245158751,-7.58320411417222,58.201264870855496,False,anomalous_eval_run_8,anomalous_eval,anomalous_eval_run_8.sqlite,52837.62135273127,-8.433175680269363,45.779714942985464,-277.8189011437644,0.8499715660971425,12.421549927870032,-34.334883435833035,-244.37833111058475,0.09769661,0.14172627,0.12191292308270932,False,0.21374375119105918,False
44.784475524475525,-81.85328671328672,750.0,2026-03-27 14:25:00.000000,52524.495258544404,-7.591549003080637,58.19129018155274,False,anomalous_eval_run_8,anomalous_eval,anomalous_eval_run_8.sqlite,52839.0782541604,-8.431188476050172,45.7887250359348,-314.58299561599415,0.8396394729695356,12.402565145617935,-36.76409447222977,-278.6286381558966,0.09769661,0.14172627,0.12191292308270932,False,0.2420287074315653,False
44.795664335664334,-81.8365034965035,750.0,2026-03-27 14:30:00.000000,52487.03110297557,-7.600006718124651,58.17926904121016,False,anomalous_eval_run_8,anomalous_eval,anomalous_eval_run_8.sqlite,52840.534926088054,-8.429200363928556,45.79773338273564,-353.5038231124854,0.8291936458039055,12.381535658474519,-38.920827496491256,-315.3019066240813,0.094919324,0.17058599,0.13653599023818971,False,0.2719729755656302,False
44.80685314685314,-81.81972027972029,750.0,2026-03-27 14:35:00.000000,52447.69910885412,-7.608560933640806,58.16525364840122,False,anomalous_eval_run_8,anomalous_eval,anomalous_eval_run_8.sqlite,52841.99136844209,-8.427211344458355,45.80673998304446,-394.2922595879718,0.8186504108175487,12.35851366535676,-40.78843647548638,-354.12635943881713,0.094919324,0.17058599,0.13653599023818971,False,0.303354114075631,False
44.81804195804196,-81.80293706293706,750.0,2026-03-27 14:40:00.000000,52406.802814915645,-7.617195137693796,58.14930486120509,False,anomalous_eval_run_8,anomalous_eval,anomalous_eval_run_8.sqlite,52843.44758115038,-8.425221418193615,45.81574483651778,-436.64476623473456,0.8080262804998197,12.333560024687308,-42.35250664676278,-394.8136163117306,0.094919324,0.17058599,0.13653599023818971,False,0.3359385912503458,False
44.82923076923077,-81.78615384615385,750.0,2026-03-27 14:45:00.000000,52364.65783214378,-7.625892663948936,58.13149193294683,False,anomalous_eval_run_8,anomalous_eval,anomalous_eval_run_8.sqlite,52844.903564140826,-8.423230585688591,45.8247479428122,-480.245731997049,0.797337921739655,12.306743990134628,-43.600965762314445,-437.0609192732518,0.094919324,0.17058599,0.13653599023818971,False,0.3694835874303122,False
44.84041958041958,-81.76937062937064,750.0,2026-03-27 14:50:00.000000,52321.589408089974,-7.634636723842671,58.111892211483415,False,anomalous_eval_run_8,anomalous_eval,anomalous_eval_run_8.sqlite,52846.359317341296,-8.42123884749774,45.83374930158439,-524.7699092513212,0.7866021236550695,12.278142909899024,-44.52417725427222,-480.5534691610349,0.094919324,0.17058599,0.13653599023818971,False,0.4037388689314765,False
44.851608391608394,-81.75258741258742,750.0,2026-03-27 14:55:00.000000,52277.929916824585,-7.643410438989016,58.09059080334144,False,anomalous_eval_run_8,anomalous_eval,anomalous_eval_run_8.sqlite,52847.81484067971,-8.419246204175721,45.84274891249109,-569.8849238551265,0.7758357651867049,12.247841890850353,-45.11501460380532,-524.966855034499,0.094919324,0.17058599,0.13653599023818971,False,0.4384487191855696,False
44.8627972027972,-81.7358041958042,750.0,2026-03-27 15:00:00.000000,52234.016293890076,-7.652196873759378,58.06768020416488,False,anomalous_eval_run_8,anomalous_eval,anomalous_eval_run_8.sqlite,52849.27013408397,-8.417252656277405,45.85174677518909,-615.2538401938946,0.7650557825180275,12.215933428975788,-45.36891633876803,-569.9695577667808,0.09014584,0.20443845,0.1530067749321461,False,0.47335391219367057,False
44.87398601398601,-81.71902097902098,750.0,2026-03-27 15:05:00.000000,52190.18743605174,-7.660979067972866,58.043259897077604,False,anomalous_eval_run_8,anomalous_eval,anomalous_eval_run_8.sqlite,52850.725197481996,-8.415258204357865,45.860742889335256,-660.5377614302561,0.7542791363849997,12.182517007742348,-45.28392123636149,-615.2255084930924,0.09014584,0.20443845,0.1530067749321461,False,0.5081937130634164,False
44.88517482517482,-81.70223776223777,750.0,2026-03-27 15:10:00.000000,52146.78158591305,-7.66974006963401,58.01743592070461,False,anomalous_eval_run_8,anomalous_eval,anomalous_eval_run_8.sqlite,52852.18003080172,-8.41326284897238,45.86973725458654,-705.3984448886695,0.7435227793383703,12.147698666118067,-44.860683458413405,-660.39668217094,0.09014584,0.20443845,0.1530067749321461,False,0.5427078901907462,False
44.89636363636364,-81.68545454545455,750.0,2026-03-27 15:15:00.000000,52104.13372157929,-7.6784629676546565,57.9903204087278,False,anomalous_eval_run_8,anomalous_eval,anomalous_eval_run_8.sqlite,52853.63463397108,-8.411266590676432,45.878729870599926,-749.5009123917916,0.7328036230217752,12.11159053812787,-44.10246750312217,-705.1457062369058,0.09014584,0.20443845,0.1530067749321461,False,0.5766387235576993,False
44.90755244755245,-81.66867132867134,750.0,2026-03-27 15:20:00.000000,52062.57297151457,-7.687130924496927,57.962031102975565,False,anomalous_eval_run_8,anomalous_eval,anomalous_eval_run_8.sqlite,52855.089006918024,-8.409269430025706,45.88772073703248,-792.5160354034524,0.722138505528779,12.074310365943084,-43.01512301166076,-749.1384642279712,0.09014584,0.20443845,0.1530067749321461,False,0.6097329936473339,False
44.91874125874126,-81.65188811188811,750.0,2026-03-27 15:25:00.000000,52022.42007454251,-7.69572720867418,57.93269084216054,False,anomalous_eval_run_8,anomalous_eval,anomalous_eval_run_8.sqlite,52856.54314957051,-8.407271367576097,45.89670985354135,-834.123075028001,0.7115441589019174,12.035980988619187,-41.607039624548634,-792.0466742744151,0.09014584,0.20443845,0.1530067749321461,False,0.6417439356267783,False
44.929930069930066,-81.6351048951049,750.0,2026-03-27 15:30:00.000000,51983.984904592704,-7.704235227047283,57.902427028485434,False,anomalous_eval_run_8,anomalous_eval,anomalous_eval_run_8.sqlite,52857.99706185651,-8.4052724038837,45.905697219783725,-874.0121572638091,0.701037176836417,11.996729808701708,-39.88908223580802,-833.5504225650875,0.08518518,0.1919702,0.14391693957149984,False,0.6724331437171892,False
44.94111888111888,-81.61832167832168,750.0,2026-03-27 15:35:00.000000,51947.56407929539,-7.712638556853836,57.871371074433235,False,anomalous_eval_run_8,anomalous_eval,anomalous_eval_run_8.sqlite,52859.450743703994,-8.403272539504817,45.91468283541689,-911.8866644086011,0.6906339826509811,11.956688239016344,-37.874507144792005,-873.3406322334704,0.08518518,0.1919702,0.14391693957149984,False,0.7015724110539757,False
44.95230769230769,-81.60153846153847,750.0,2026-03-27 15:40:00.000000,51913.4386708796,-7.7209209774085075,57.83965783214378,False,anomalous_eval_run_8,anomalous_eval,anomalous_eval_run_8.sqlite,52860.90419504096,-8.401271774995955,45.92366670009815,-947.4655241613582,0.6803507975874474,11.915991132045626,-35.578859752757126,-911.1214486112561,0.08518518,0.1919702,0.14391693957149984,False,0.728945490838492,False
44.9634965034965,-81.58475524475526,750.0,2026-03-27 15:45:00.000000,51881.8720370406,-7.729066501413325,57.80742500785453,False,anomalous_eval_run_8,anomalous_eval,anomalous_eval_run_8.sqlite,52862.357415795384,-8.399270110913818,45.93264881348494,-980.4853787547836,0.6702036095004935,11.874776194369595,-33.01985459342541,-946.612522441581,0.08518518,0.1919702,0.14391693957149984,False,0.7543497651896091,False
44.97468531468532,-81.56797202797203,750.0,2026-03-27 15:50:00.000000,51853.10778851659,-7.737059405817453,57.77481256394826,False,anomalous_eval_run_8,anomalous_eval,anomalous_eval_run_8.sqlite,52863.810405895296,-8.397267547815325,45.9416291752347,-1010.702617378709,0.660208141997872,11.833183388713557,-30.21723862392537,-979.5511734316169,0.08518518,0.1919702,0.14391693957149984,False,0.777597808816313,False
44.985874125874126,-81.55118881118882,750.0,2026-03-27 15:55:00.000000,51827.36790905951,-7.744884262166913,57.741962111203954,False,anomalous_eval_run_8,anomalous_eval,anomalous_eval_run_8.sqlite,52865.263165268705,-8.395264086257587,45.95060778500498,-1037.8952562091945,0.650379824090674,11.79135432619897,-27.19263883048552,-1009.6944174475624,0.08518518,0.1919702,0.14391693957149984,False,0.7985188354436695,False
44.997062937062935,-81.5344055944056,750.0,2026-03-27 16:00:00.000000,51804.85104230897,-7.752525966385637,57.70901629389007,False,anomalous_eval_run_8,anomalous_eval,anomalous_eval_run_8.sqlite,52866.71569384362,-8.393259726797927,45.95958464245338,-1061.8646515346481,0.6407337604122905,11.749431651436694,-23.96939532545366,-1036.8208417075173,0.081911534,0.14882907,0.11871618032455444,False,0.8169600158297107,False
45.008251748251745,-81.51762237762239,750.0,2026-03-27 16:05:00.000000,51785.730958789834,-7.759969767930407,57.676118170370096,False,anomalous_eval_run_8,anomalous_eval,anomalous_eval_run_8.sqlite,52868.167991548085,-8.391254469993868,45.96855974723756,-1082.437032758251,0.6312847020634607,11.707558423132532,-20.57238122360286,-1060.732313500698,0.081911534,0.14882907,0.11871618032455444,False,0.8327876572017062,False
45.01944055944056,-81.50083916083916,750.0,2026-03-27 16:10:00.000000,51770.15521486445,-7.767201298263357,57.643410591910026,False,anomalous_eval_run_8,anomalous_eval,anomalous_eval_run_8.sqlite,52869.62005831016,-8.389248316403139,45.97753309901526,-1099.4648434457122,0.6220470181397815,11.665877492894765,-17.02781068746117,-1081.2555092462037,0.081911534,0.14882907,0.11871618032455444,False,0.8458882350094983,False
45.03062937062937,-81.48405594405595,750.0,2026-03-27 16:15:00.000000,51758.2440139886,-7.774206598587121,57.6110355823851,False,anomalous_eval_run_8,anomalous_eval,anomalous_eval_run_8.sqlite,52871.07189405787,-8.387241266583667,45.98650469744429,-1112.8278800692715,0.6130346679965459,11.62453088494081,-13.36303662355931,-1098.2432520910781,0.081911534,0.14882907,0.11871618032455444,False,0.8561692690336917,False
45.04181818181818,-81.46727272727273,750.0,2026-03-27 16:20:00.000000,51750.08927905953,-7.780972146789058,57.57913372157928,False,anomalous_eval_run_8,anomalous_eval,anomalous_eval_run_8.sqlite,52872.5234987193,-8.385233321093589,45.995474542182514,-1122.4342196597718,0.604261174304531,11.583659179396768,-9.606339590500284,-1111.5756477249186,0.081911534,0.14882907,0.11871618032455444,False,0.8635600370873965,False
45.05300699300699,-81.45048951048952,750.0,2026-03-27 16:25:00.000000,51745.75394301477,-7.787484883542568,57.5478435347553,False,anomalous_eval_run_8,anomalous_eval,anomalous_eval_run_8.sqlite,52873.97487222251,-8.383224480491243,46.00444263288785,-1128.2209292077387,0.5957395969486754,11.54340090186745,-5.786709547966893,-1121.161009645594,0.081911534,0.14882907,0.11871618032455444,False,0.8680121208035995,False
45.064195804195805,-81.4337062937063,750.0,2026-03-27 16:30:00.000000,51745.27146315673,-7.793732237515105,57.51730089114588,False,anomalous_eval_run_8,anomalous_eval,anomalous_eval_run_8.sqlite,52875.426014495584,-8.38121474533516,46.01340896921834,-1130.1545513388555,0.5874825078200558,11.50389192192754,-1.9336221311168629,-1126.9365667354552,0.106374785,0.1307227,0.11976613923907281,False,0.8694997792961983,False
45.075384615384614,-81.41692307692308,750.0,2026-03-27 16:35:00.000000,51748.64556295097,-7.799702149634221,57.48763841397812,False,anomalous_eval_run_8,anomalous_eval,anomalous_eval_run_8.sqlite,52876.876925466626,-8.379204116184093,46.022373550832015,-1128.231362515653,0.5795019665498717,11.465264863146103,1.9231888232025085,-1128.8689476874158,0.106374785,0.1307227,0.11976613923907281,False,0.8680201478109837,False
45.08657342657342,-81.40013986013987,750.0,2026-03-27 16:40:00.000000,51755.85020329097,-7.805383096364821,57.458984904592704,False,anomalous_eval_run_8,anomalous_eval,anomalous_eval_run_8.sqlite,52878.327605063714,-8.377192593596975,46.031336377387035,-1122.4774017727468,0.5718094972321541,11.427648527205669,5.753960742906202,-1126.9544385424185,0.106374785,0.1307227,0.11976613923907281,False,0.8635932598334863,False
45.09776223776224,-81.38335664335665,750.0,2026-03-27 16:45:00.000000,51766.829783450936,-7.810764111952688,57.43146478315873,False,anomalous_eval_run_8,anomalous_eval,anomalous_eval_run_8.sqlite,52879.77805321498,-8.375180178132963,46.040297448541594,-1112.9482697640415,0.5644160661802751,11.391167334617137,9.529132008705346,-1121.2190113508138,0.106374785,0.1307227,0.11976613923907281,False,0.8562618924832084,False
45.10895104895105,-81.36657342657344,750.0,2026-03-27 16:50:00.000000,51781.4995701761,-7.815834809591326,57.405197548412495,False,anomalous_eval_run_8,anomalous_eval,anomalous_eval_run_8.sqlite,52881.22826984853,-8.373166870351401,46.04925676395396,-1099.7286996724288,0.5573320607600749,11.355940784458532,13.219570091612695,-1111.7181237364057,0.106374785,0.1307227,0.11976613923907281,False,0.8460912363871631,False
45.12013986013986,-81.34979020979021,750.0,2026-03-27 16:55:00.000000,51799.74635159878,-7.8205854014712965,57.38029725876633,False,anomalous_eval_run_8,anomalous_eval,anomalous_eval_run_8.sqlite,52882.6782548925,-8.37115267081184,46.05821432328248,-1082.93190329372,0.5505672693405437,11.322082935483856,16.796796378708677,-1098.5362909100634,0.106374785,0.1307227,0.11976613923907281,False,0.8331683925806513,False
45.13132867132867,-81.333006993007,750.0,2026-03-27 17:00:00.000000,51821.42931093393,-7.82500671767332,57.3568720370406,False,anomalous_eval_run_8,anomalous_eval,anomalous_eval_run_8.sqlite,52884.12800827503,-8.369137580074039,46.067170126185545,-1062.698697341104,0.5441308624007188,11.289701910855058,20.233205952616117,-1081.786433435751,0.14531994,0.14422688,0.14471875578165055,False,0.8176017003177103,False
45.14251748251748,-81.31622377622378,750.0,2026-03-27 17:05:00.000000,51846.381113211435,-7.829090223868681,57.335023600969386,False,anomalous_eval_run_8,anomalous_eval,anomalous_eval_run_8.sqlite,52885.57752992427,-8.367121598697944,46.07612417232164,-1039.1964167128317,0.5380313748292629,11.258899428647744,23.502280628272274,-1061.609005782552,0.14531994,0.14422688,0.14471875578165055,False,0.7995199009788224,False
45.15370629370629,-81.29944055944057,750.0,2026-03-27 17:10:00.000000,51874.409196658555,-7.832828037792783,57.314846821518515,False,anomalous_eval_run_8,anomalous_eval,anomalous_eval_run_8.sqlite,52887.026819768376,-8.365104727243722,46.085076461349296,-1012.6176231098216,0.5322766894509385,11.22977036016922,26.578793603010126,-1038.170912387919,0.14531994,0.14422688,0.14471875578165055,False,0.7790711445283011,False
45.1648951048951,-81.28265734265734,750.0,2026-03-27 17:15:00.000000,51905.29725876633,-7.836212944460035,57.296429310933924,False,anomalous_eval_run_8,anomalous_eval,anomalous_eval_run_8.sqlite,52888.47587773551,-8.363086966271723,46.09402699292712,-983.1786189691775,0.5268740218116879,11.202402318006804,29.4390041406441,-1011.6642195972769,0.14531994,0.14422688,0.14471875578165055,False,0.7564218461888255,False
45.17608391608391,-81.26587412587413,750.0,2026-03-27 17:20:00.000000,51938.80692557161,-7.83923841009071,57.27985104230896,False,anomalous_eval_run_8,anomalous_eval,anomalous_eval_run_8.sqlite,52889.92470375386,-8.36106831634251,46.10297576671379,-951.117778182248,0.521829906251801,11.176875275595172,32.060840786929475,-982.3046734204157,0.14531994,0.14422688,0.14471875578165055,False,0.7317554021566699,False
45.18727272727273,-81.24909090909091,750.0,2026-03-27 17:25:00.000000,51974.6795912722,-7.841898594722901,57.26518400232274,False,anomalous_eval_run_8,anomalous_eval,anomalous_eval_run_8.sqlite,52891.37329775161,-8.35904877801685,46.11192278236803,-916.693706479411,0.5171501832939498,11.153261219954707,34.424071702836955,-950.3300345436122,0.14531994,0.14422688,0.14471875578165055,False,0.7052707742687105,False
45.19846153846154,-81.2323076923077,750.0,2026-03-27 17:30:00.000000,52012.638413978115,-7.844188363485211,57.25249187865729,False,anomalous_eval_run_8,anomalous_eval,anomalous_eval_run_8.sqlite,52892.82165965695,-8.3570283518557,46.12086803954866,-880.1832456788325,0.512839988370489,11.131623839108627,36.510460800578585,-915.9982434468305,0.1857467,0.5621615,0.3927748426795006,True,0.6771809545440567,False
45.209650349650346,-81.21552447552449,750.0,2026-03-27 17:35:00.000000,52052.39045219717,-7.846103296508446,57.24182978345093,False,anomalous_eval_run_8,anomalous_eval,anomalous_eval_run_8.sqlite,52894.269789398095,-8.355007038420226,46.12981153791455,-841.879337200924,0.5089037419117801,11.112018245536383,38.30390847790841,-879.5854297863892,0.1857467,0.5621615,0.3927748426795006,True,0.6477113214498329,False
45.22083916083916,-81.19874125874126,750.0,2026-03-27 17:40:00.000000,52093.628925566765,-7.8476396974571365,57.2332440139886,False,anomalous_eval_run_8,anomalous_eval,anomalous_eval_run_8.sqlite,52895.71768690326,-8.352984838271787,46.13875327712464,-802.0887613364976,0.5053451408146508,11.09449073686396,39.7905758644265,-841.3837814054181,0.1857467,0.5621615,0.3927748426795006,True,0.6170979005763776,False
45.23202797202797,-81.18195804195805,750.0,2026-03-27 17:45:00.000000,52136.0355823851,-7.848794600664473,57.226771851668325,False,anomalous_eval_run_8,anomalous_eval,anomalous_eval_run_8.sqlite,52897.165352100674,-8.350961751971955,46.14769325683794,-761.1297697155751,0.5021671513074821,11.079078594830385,40.95899162092246,-801.6992894176656,0.1857467,0.5621615,0.3927748426795006,True,0.5855855431449126,False
45.24321678321678,-81.16517482517483,750.0,2026-03-27 17:50:00.000000,52179.28315567071,-7.849565776856826,57.22244140011675,False,anomalous_eval_run_8,anomalous_eval,anomalous_eval_run_8.sqlite,52898.61278491856,-8.348937780082496,46.15663147671352,-719.3296292478481,0.49937200322566966,11.06580992340323,41.80014046772703,-760.8493867666402,0.1857467,0.5621615,0.3927748426795006,True,0.5534260364047222,False
45.25440559440559,-81.14839160839162,750.0,2026-03-27 17:55:00.000000,52223.03788879605,-7.849951737456854,57.22027146315673,False,anomalous_eval_run_8,anomalous_eval,anomalous_eval_run_8.sqlite,52900.059985285174,-8.346912923165375,46.165567936410525,-677.0220964891269,0.4969611857085212,11.054703526746202,42.30753275872121,-719.1604984841833,0.1857467,0.5621615,0.3927748426795006,True,0.5208761605026209,False
45.265594405594406,-81.1316083916084,750.0,2026-03-27 18:00:00.000000,53466.96211120395,-7.849951737456854,57.22027146315673,True,anomalous_eval_run_8,anomalous_eval,anomalous_eval_run_8.sqlite,52901.506953128766,-8.34488718178276,46.17450263558817,565.4551580751868,0.49493544432590575,11.045768827568558,1242.4772545643136,-276.96552255392936,0.2210869,1.3934519,0.8658876679837705,True,0.43504061861788307,False
45.276783216783215,-81.11482517482519,750.0,2026-03-27 18:05:00.000000,53510.71684432929,-7.849565776856826,57.22244140011675,True,anomalous_eval_run_8,anomalous_eval,anomalous_eval_run_8.sqlite,52902.9536883776,-8.342860556497017,46.18343557390571,607.7631559516885,0.4932947796401912,11.039005826211039,42.30799787650176,165.39873917924947,0.2210869,1.3934519,0.8658876679837705,True,0.46759085236467657,False
45.287972027972025,-81.09804195804196,750.0,2026-03-27 18:10:00.000000,53553.9644176149,-7.848794600664473,57.226771851668325,True,anomalous_eval_run_8,anomalous_eval,anomalous_eval_run_8.sqlite,52904.40019095995,-8.340833047870712,46.19236675102252,649.5642266549548,0.4920384472062391,11.034405100645806,41.801070703266305,607.5941802272768,0.2210869,1.3934519,0.8658876679837705,True,0.4997510747942345,False
45.299160839160834,-81.08125874125875,750.0,2026-03-27 18:15:00.000000,53596.371074433235,-7.8476396974571365,57.2332440139886,True,anomalous_eval_run_8,anomalous_eval,anomalous_eval_run_8.sqlite,52905.846460804096,-8.33880465646662,46.20129616659798,690.5246136291389,0.49116495900948287,11.031947847390626,40.960386974184075,649.2839987452608,0.2210869,1.3934519,0.8658876679837705,True,0.5312645057597144,False
45.31034965034965,-81.06447552447553,750.0,2026-03-27 18:20:00.000000,53637.60954780283,-7.846103296508446,57.24182978345093,True,anomalous_eval_run_8,anomalous_eval,anomalous_eval_run_8.sqlite,52907.29249783834,-8.336775382847698,46.21022382029158,730.3170499644912,0.4906720863392522,11.03160596315935,39.79243633535225,690.1352967495283,0.2210869,1.3934519,0.8658876679837705,True,0.5618793580117873,False
45.32153846153846,-81.04769230769232,750.0,2026-03-27 18:25:00.000000,53677.361586021885,-7.844188363485211,57.25249187865729,True,anomalous_eval_run_8,anomalous_eval,anomalous_eval_run_8.sqlite,52908.73830199098,-8.334745227577121,46.219149711762874,768.6232840309021,0.4905568640919107,11.033342166894414,38.30623406641098,729.8216492081774,0.2210869,1.3934519,0.8658876679837705,True,0.591350780329164,False
45.33272727272727,-81.0309090909091,750.0,2026-03-27 18:30:00.000000,53715.3204087278,-7.841898594722901,57.26518400232274,True,anomalous_eval_run_8,anomalous_eval,anomalous_eval_run_8.sqlite,52910.183873190326,-8.332714191218255,46.22807384067146,805.1365355374728,0.490815596495354,11.037110161651277,36.51325150657067,768.025623177622,0.2130325,1.4342086,0.8846793718636036,True,0.6194427471214392,False
45.343916083916085,-81.01412587412588,750.0,2026-03-27 18:35:00.000000,53751.19307442839,-7.83923841009071,57.27985104230896,True,anomalous_eval_run_8,anomalous_eval,anomalous_eval_run_8.sqlite,52911.62921136471,-8.330682274334663,46.23699620667703,839.5638630636822,0.49144386424395314,11.042854835631935,34.42732752620941,804.4412275440191,0.2130325,1.4342086,0.8846793718636036,True,0.6459298799214042,False
45.355104895104894,-80.99734265734267,750.0,2026-03-27 18:40:00.000000,53784.70274123367,-7.836212944460035,57.296429310933924,True,anomalous_eval_run_8,anomalous_eval,anomalous_eval_run_8.sqlite,52913.07431644245,-8.328649477490112,46.24591680943932,871.628424791219,0.4924365330300766,11.050512501494602,32.064561727536784,838.7762744641246,0.2130325,1.4342086,0.8846793718636036,True,0.6705991867098375,False
45.3662937062937,-80.98055944055945,750.0,2026-03-27 18:45:00.000000,53815.590803341445,-7.832828037792783,57.314846821518515,True,anomalous_eval_run_8,anomalous_eval,anomalous_eval_run_8.sqlite,52914.51918835188,-8.326615801248568,46.25483564861815,901.071614989567,0.493787763455785,11.060011172900367,29.44319019834802,870.7546342814894,0.2130325,1.4342086,0.8846793718636036,True,0.693251705649757,False
45.37748251748251,-80.96377622377624,750.0,2026-03-27 18:50:00.000000,52643.618886788565,-7.829090223868681,57.335023600969386,False,anomalous_eval_run_8,anomalous_eval,anomalous_eval_run_8.sqlite,52915.963827021376,-8.324581246174192,46.26375272387339,-272.3449402328115,0.49549102230551156,11.071270877095998,-1173.4165552223785,500.1183665159915,0.2130325,1.4342086,0.8846793718636036,True,0.20953228489354173,False
45.38867132867133,-80.94699300699301,750.0,2026-03-27 18:55:00.000000,52668.57068906607,-7.82500671767332,57.3568720370406,False,anomalous_eval_run_8,anomalous_eval,anomalous_eval_run_8.sqlite,52917.40823237928,-8.322545812831352,46.272668034865,-248.8375433132096,0.4975390951580323,11.084204002175603,23.507396919601888,126.62971048118197,0.2130325,1.4342086,0.8846793718636036,True,0.19144654926631463,False
45.39986013986014,-80.9302097902098,750.0,2026-03-27 19:00:00.000000,52690.25364840122,-7.8205854014712965,57.380297258766326,False,anomalous_eval_run_8,anomalous_eval,anomalous_eval_run_8.sqlite,52918.85240435397,-8.320509501784603,46.28158158125299,-228.59875595274934,0.49992410031330614,11.098715677513333,20.238787360460265,-249.92707983292348,0.17547125,0.57477045,0.395085808634758,True,0.1758755628713162,False
45.41104895104895,-80.91342657342658,750.0,2026-03-27 19:05:00.000000,52708.5004298239,-7.815834809591326,57.405197548412495,False,anomalous_eval_run_8,anomalous_eval,anomalous_eval_run_8.sqlite,52920.29634287384,-8.318472313598708,46.29049336269745,-211.79591304993664,0.5026375040073816,11.114704185715048,16.8028429028127,-229.7440707719652,0.17547125,0.57477045,0.395085808634758,True,0.1629480670892249,False
45.422237762237756,-80.89664335664337,750.0,2026-03-27 19:10:00.000000,52723.170216549064,-7.810764111952688,57.43146478315873,False,anomalous_eval_run_8,anomalous_eval,anomalous_eval_run_8.sqlite,52921.74004786724,-8.316434248838627,46.29940337885852,-198.56983131817833,0.5056701368859393,11.13206140430021,13.226081731758313,-212.98816677362143,0.17547125,0.57477045,0.395085808634758,True,0.15277240117424576,False
45.43342657342657,-80.87986013986014,750.0,2026-03-27 19:15:00.000000,52734.14979670903,-7.805383096364821,57.458984904592704,False,anomalous_eval_run_8,anomalous_eval,anomalous_eval_run_8.sqlite,52923.1835192626,-8.314395308069514,46.308311629396435,-189.03372255356953,0.5090122117046931,11.150673275196269,9.536108764608798,-199.79982230722817,0.17547125,0.57477045,0.395085808634758,True,0.14543566616189807,False
45.44461538461538,-80.86307692307693,750.0,2026-03-27 19:20:00.000000,52741.35443704903,-7.799702149634221,57.48763841397811,False,anomalous_eval_run_8,anomalous_eval,anomalous_eval_run_8.sqlite,52924.62675698833,-8.312355491856728,46.31721811397145,-183.27231993930036,0.5126533422225066,11.170420300006661,5.761402614269173,-190.29195793701606,0.17547125,0.57477045,0.395085808634758,True,0.1410030526794244,False
45.45580419580419,-80.84629370629372,750.0,2026-03-27 19:25:00.000000,52744.72853684327,-7.793732237515105,57.51730089114588,False,anomalous_eval_run_8,anomalous_eval,anomalous_eval_run_8.sqlite,52926.06976097284,-8.310314800765822,46.32612283224393,-181.3412241295664,0.5165825632507168,11.191178058901947,1.9310958097339608,-184.54908887414544,0.17547125,0.57477045,0.395085808634758,True,0.13951733784655102,False
45.46699300699301,-80.8295104895105,750.0,2026-03-27 19:30:00.000000,52744.24605698523,-7.787484883542568,57.5478435347553,False,anomalous_eval_run_8,anomalous_eval,anomalous_eval_run_8.sqlite,52927.51253114455,-8.308273235362542,46.33502578387432,-183.2664741593253,0.5207883518199736,11.21281775088098,-1.9252500297588995,-182.62667274273068,0.13550784,0.11339021,0.12334314063191415,False,0.14099855514907148,False
45.47818181818182,-80.81272727272729,750.0,2026-03-27 19:35:00.000000,52739.91072094047,-7.780972146789058,57.57913372157928,False,anomalous_eval_run_8,anomalous_eval,anomalous_eval_run_8.sqlite,52928.95506743191,-8.306230796212843,46.34392696852307,-189.0443464914424,0.525258649423785,11.235206753056211,-5.777872332117113,-184.5506815934447,0.13550784,0.11339021,0.12334314063191415,False,0.14544383983303427,False
45.489370629370626,-80.79594405594406,750.0,2026-03-27 19:40:00.000000,52731.7559860114,-7.774206598587121,57.6110355823851,False,anomalous_eval_run_8,anomalous_eval,anomalous_eval_run_8.sqlite,52930.39736976336,-8.304187483882872,46.352826385850754,-198.6413837519649,0.5299808852957515,11.258209196534345,-9.597037260522484,-190.31740146757753,0.13550784,0.11339021,0.12334314063191415,False,0.15282745101261683,False
45.500559440559435,-80.77916083916085,750.0,2026-03-27 19:45:00.000000,52719.84478513555,-7.767201298263357,57.643410591910026,False,anomalous_eval_run_8,anomalous_eval,anomalous_eval_run_8.sqlite,52931.83943806738,-8.302143298938969,46.36172403551798,-211.99465293182584,0.5349420006756116,11.281686556392046,-13.353269179860945,-199.89346105841105,0.13550784,0.11339021,0.12334314063191415,False,0.16310097032111942,False
45.51174825174825,-80.76237762237763,750.0,2026-03-27 19:50:00.000000,52704.269041210166,-7.759969767930407,57.676118170370096,False,anomalous_eval_run_8,anomalous_eval,anomalous_eval_run_8.sqlite,52933.281272272405,-8.30009824194768,46.370619917185465,-229.01223106223915,0.5401284740172727,11.30549825318463,-17.017578130413312,-213.21608924867664,0.13550784,0.11339021,0.12334314063191415,False,0.1761936755719375,False
45.52293706293706,-80.74559440559442,750.0,2026-03-27 19:55:00.000000,52685.14895769103,-7.752525966385637,57.70901629389007,False,anomalous_eval_run_8,anomalous_eval,anomalous_eval_run_8.sqlite,52934.72287230693,-8.298052313475745,46.37951403051393,-249.57391461589577,0.5455263470901084,11.329502263376142,-20.56168355365662,-230.19359953665358,0.13550784,0.11339021,0.12334314063191415,False,0.19201308654602312,False
45.53412587412587,-80.72881118881119,750.0,2026-03-27 20:00:00.000000,52662.63209094049,-7.744884262166913,57.741962111203954,False,anomalous_eval_run_8,anomalous_eval,anomalous_eval_run_8.sqlite,52936.16423809944,-8.296005514090096,46.38840637516422,-273.53214715894865,0.551121251923183,11.35355573603973,-23.958232543052873,-250.7060976123612,0.101051226,0.14644752,0.12601919025182726,False,0.21044567869355985,False
45.54531468531468,-80.71202797202798,750.0,2026-03-27 20:05:00.000000,52636.89221148341,-7.737059405817453,57.77481256394826,False,anomalous_eval_run_8,anomalous_eval,anomalous_eval_run_8.sqlite,52937.60536957842,-8.29395784435787,46.39729695079723,-300.7131580950081,0.5568984385404168,11.377515613151033,-27.181010936059465,-274.60640662328416,0.101051226,0.14644752,0.12601919025182726,False,0.23135775924214763,False
45.556503496503495,-80.69524475524476,750.0,2026-03-27 20:10:00.000000,52608.1279629594,-7.729066501413325,57.80742500785453,False,anomalous_eval_run_8,anomalous_eval,anomalous_eval_run_8.sqlite,52939.04626667239,-8.291909304846394,46.4061857570739,-330.9183037129915,0.5628428034330692,11.401239250780634,-30.205145617983362,-301.7212029889827,0.101051226,0.14644752,0.12601919025182726,False,0.25459649895021036,False
45.567692307692305,-80.67846153846155,750.0,2026-03-27 20:15:00.000000,52576.5613291204,-7.7209209774085075,57.83965783214378,False,anomalous_eval_run_8,anomalous_eval,anomalous_eval_run_8.sqlite,52940.48692930986,-8.289859896123197,46.41507279365526,-363.92560018946097,0.5689389187146894,11.424585038488516,-33.00729647646949,-331.85235399915354,0.101051226,0.14644752,0.12601919025182726,False,0.2799911115432001,False
45.578881118881114,-80.66167832167834,750.0,2026-03-27 20:20:00.000000,52542.43592070461,-7.712638556853836,57.871371074433235,False,anomalous_eval_run_8,anomalous_eval,anomalous_eval_run_8.sqlite,52941.92735741936,-8.287809618756004,46.42395806020243,-399.4914367147503,0.5751710619021679,11.447413014230804,-35.56583652528934,-364.77844687240093,0.101051226,0.14644752,0.12601919025182726,False,0.3073541717304892,False
45.59006993006993,-80.64489510489511,750.0,2026-03-27 20:25:00.000000,52506.015095407296,-7.704235227047283,57.902427028485434,False,anomalous_eval_run_8,anomalous_eval,anomalous_eval_run_8.sqlite,52943.36755092941,-8.285758473312733,46.43284155637654,-437.35245552211563,0.5815232462654496,11.469585472108896,-37.861018807365326,-400.2564974754423,0.101051226,0.14644752,0.12601919025182726,False,0.3364830616313739,False
45.60125874125874,-80.6281118881119,750.0,2026-03-27 20:30:00.000000,52467.57992545749,-7.69572720867418,57.93269084216053,False,anomalous_eval_run_8,anomalous_eval,anomalous_eval_run_8.sqlite,52944.80750976858,-8.283706460361502,46.441723281838826,-477.22758431109105,0.5879792516873223,11.490967560321707,-39.87512878897542,-438.02382551598566,0.084296286,0.17754117,0.13558097034692765,False,0.36716153444763394,False
45.61244755244755,-80.61132867132868,750.0,2026-03-27 20:35:00.000000,52427.42702848543,-7.687130924496927,57.962031102975565,False,anomalous_eval_run_8,anomalous_eval,anomalous_eval_run_8.sqlite,52946.24723386541,-8.281653580470623,46.4506032362506,-518.8202053799832,0.5945226559736962,11.511427866724965,-41.592621068892186,-477.80008173772995,0.084296286,0.17754117,0.13558097034692765,False,0.39916138331512646,False
45.62363636363636,-80.59454545454547,750.0,2026-03-27 20:40:00.000000,52385.86627842071,-7.6784629676546565,57.9903204087278,False,anomalous_eval_run_8,anomalous_eval,anomalous_eval_run_8.sqlite,52947.68672314846,-8.279599834208605,46.45948141927321,-561.8204447277458,0.6011368665539489,11.530838989454587,-43.000239347762545,-519.2894114729401,0.084296286,0.17754117,0.13558097034692765,False,0.43224420245545564,False
45.634825174825174,-80.57776223776224,750.0,2026-03-27 20:45:00.000000,52343.21841408695,-7.66974006963401,58.01743592070461,False,anomalous_eval_run_8,anomalous_eval,anomalous_eval_run_8.sqlite,52949.12597754631,-8.277545222144152,46.46835783056809,-605.907563459361,0.6078051525101422,11.549078090136518,-44.08711873161519,-562.1827378556967,0.084296286,0.17754117,0.13558097034692765,False,0.4661632270362371,False
45.64601398601398,-80.56097902097903,750.0,2026-03-27 20:50:00.000000,52299.81256394826,-7.660979067972866,58.043259897077604,False,anomalous_eval_run_8,anomalous_eval,anomalous_eval_run_8.sqlite,52950.564996987545,-8.275489744846167,46.477232469796746,-650.7524330392844,0.6145106768733015,11.566027427280858,-44.8448695799234,-606.1601470754637,0.084296286,0.17754117,0.13558097034692765,False,0.5006652375410101,False
45.65720279720279,-80.54419580419581,750.0,2026-03-27 20:55:00.000000,52255.983706109924,-7.652196873759378,58.06768020416488,False,anomalous_eval_run_8,anomalous_eval,anomalous_eval_run_8.sqlite,52952.00378140076,-8.273433402883741,46.48610533662073,-696.0200752908349,0.6212365291243636,11.581574867544148,-45.26764225155057,-650.89335726316,0.084296286,0.17754117,0.13558097034692765,False,0.5354925139523238,False
45.6683916083916,-80.5274125874126,750.0,2026-03-27 21:00:00.000000,52212.070083175415,-7.643410438989016,58.09059080334144,False,anomalous_eval_run_8,anomalous_eval,anomalous_eval_run_8.sqlite,52953.442330714555,-8.271376196826171,46.49497643070169,-741.3722475391405,0.6279657578371554,11.595614372639751,-45.35217224830558,-696.0482519564199,0.083666034,0.17558214,0.13421989269554616,False,0.5703848246666319,False
45.67958041958042,-80.51062937062937,750.0,2026-03-27 21:05:00.000000,52168.410591910026,-7.634636723842671,58.111892211483415,False,anomalous_eval_run_8,anomalous_eval,anomalous_eval_run_8.sqlite,52954.88064485755,-8.269318127242942,46.50384575170133,-786.4700529475231,0.634681403400271,11.608046459782088,-45.097805408382555,-741.2874585924995,0.083666034,0.17558214,0.13421989269554616,False,0.6050814347921034,False
45.69076923076923,-80.49384615384616,750.0,2026-03-27 21:10:00.000000,52125.34216785622,-7.625892663948935,58.13149193294683,False,anomalous_eval_run_8,anomalous_eval,anomalous_eval_run_8.sqlite,52956.31872375835,-8.267259194703735,46.5127132992814,-830.9765559021253,0.6413665307547998,11.618778633665428,-44.50650295460218,-786.2729521295963,0.083666034,0.17558214,0.13421989269554616,False,0.639323118330366,False
45.70195804195804,-80.47706293706295,750.0,2026-03-27 21:15:00.000000,52083.197185084355,-7.617195137693796,58.14930486120509,False,anomalous_eval_run_8,anomalous_eval,anomalous_eval_run_8.sqlite,52957.75656734561,-8.26519939977843,46.52157907310376,-874.5593822612573,0.6480042620846342,11.62772578810133,-43.582826359132014,-830.6686637036352,0.083666034,0.17558214,0.13421989269554616,False,0.6728541587137159,False
45.71314685314685,-80.46027972027973,750.0,2026-03-27 21:20:00.000000,52042.30089114588,-7.608560933640806,58.16525364840122,False,anomalous_eval_run_8,anomalous_eval,anomalous_eval_run_8.sqlite,52959.19417554796,-8.263138743037096,46.530443072830295,-916.8932844020746,0.6545778093962902,11.634810575570924,-42.33390214081737,-874.1430741884857,0.083666034,0.17558214,0.13421989269554616,False,0.705424322258676,False
45.72433566433566,-80.44349650349652,750.0,2026-03-27 21:25:00.000000,52002.96889702443,-7.600006718124651,58.17926904121016,False,anomalous_eval_run_8,anomalous_eval,anomalous_eval_run_8.sqlite,52960.631548294055,-8.261077225050006,46.539305298123,-957.6626512696239,0.6610705069253546,11.639963743087165,-40.76936686754925,-916.3717726443186,0.083666034,0.17558214,0.13421989269554616,False,0.7367907893063773,False
45.73552447552447,-80.4267132867133,750.0,2026-03-27 21:30:00.000000,51965.504741455596,-7.591549003080637,58.19129018155274,False,anomalous_eval_run_8,anomalous_eval,anomalous_eval_run_8.sqlite,52962.06868551255,-8.259014846387617,46.54816574864388,-996.5639440569576,0.6674658433069798,11.643124432908856,-38.90129278733366,-957.0399599095521,0.085410446,0.16122782,0.12711000293493271,False,0.7667200281461912,False
45.74671328671328,-80.40993006993008,750.0,2026-03-27 21:35:00.000000,51930.19754841249,-7.58320411417222,58.201264870855496,False,anomalous_eval_run_8,anomalous_eval,anomalous_eval_run_8.sqlite,52963.50558713214,-8.256951607620588,46.55702442405508,-1033.308038719646,0.6737474934483672,11.644240446800417,-36.74409466268844,-995.8448780154091,0.085410446,0.16122782,0.12711000293493271,False,0.7949895972611387,False
45.7579020979021,-80.39314685314686,750.0,2026-03-27 21:40:00.000000,51897.319795835116,-7.574988159278088,58.209149796709035,False,anomalous_eval_run_8,anomalous_eval,anomalous_eval_run_8.sqlite,52964.94225308148,-8.254887509319765,46.56588132401876,-1067.6224572463616,0.6798993500416772,11.643268472690274,-34.3144185267156,-1032.4981466743218,0.085410446,0.16122782,0.12711000293493271,False,0.821389861986269,False
45.769090909090906,-80.37636363636365,750.0,2026-03-27 21:45:00.000000,51867.12521282287,-7.566916997399623,58.214910720940466,False,anomalous_eval_run_8,anomalous_eval,anomalous_eval_run_8.sqlite,52966.37868328928,-8.2528225520562,46.57473644819716,-1099.2534704664067,0.6859055546565767,11.640174272743309,-31.631013220045133,-1066.7279888108048,0.085410446,0.16122782,0.12711000293493271,False,0.8457256123322392,False
45.780279720279715,-80.35958041958042,750.0,2026-03-27 21:50:00.000000,51839.84682151852,-7.559006208048768,58.21852262828352,False,anomalous_eval_run_8,anomalous_eval,anomalous_eval_run_8.sqlite,52967.81487768423,-8.250756736401131,46.58358979625258,-1127.9680561657078,0.6917505283523635,11.634932832030941,-28.714585699301097,-1098.281327959492,0.085410446,0.16122782,0.12711000293493271,False,0.8678175694884938,False
45.791468531468524,-80.34279720279721,750.0,2026-03-27 21:55:00.000000,51815.69513879491,-7.551271061175377,58.219969835000605,False,anomalous_eval_run_8,anomalous_eval,anomalous_eval_run_8.sqlite,52969.25083619504,-8.24869006292599,46.592441367847414,-1153.5556974001302,0.697419001750613,11.62752846715319,-25.587641234422335,-1126.9257413440816,0.085410446,0.16122782,0.12711000293493271,False,0.887503769380078,False
45.80265734265734,-80.32601398601399,750.0,2026-03-27 22:00:00.000000,51794.85655162276,-7.543726487692113,58.21924605698523,False,anomalous_eval_run_8,anomalous_eval,anomalous_eval_run_8.sqlite,52970.68655875045,-8.246622532202402,46.601291162644124,-1175.83000712769,0.7028960445102888,11.617954894341104,-22.27430972755974,-1152.4512535645092,0.08650458,0.17379968,0.1345168836414814,False,0.9046408126005334,False
45.81384615384615,-80.30923076923078,750.0,2026-03-27 22:05:00.000000,51777.491878657296,-7.53638705065377,58.21635443704903,False,anomalous_eval_run_8,anomalous_eval,anomalous_eval_run_8.sqlite,52972.12204527917,-8.244554144802192,46.61013918030519,-1194.6301666218715,0.7081670941484228,11.606215256743837,-18.80015949418157,-1174.6719570498972,0.08650458,0.17379968,0.1345168836414814,False,0.9191049710747516,False
45.82503496503496,-80.29244755244757,750.0,2026-03-27 22:10:00.000000,51763.7351291445,-7.52926691714666,58.21130753127498,False,anomalous_eval_run_8,anomalous_eval,anomalous_eval_run_8.sqlite,52973.55729570994,-8.242484901297374,46.6189854204932,-1209.8221665654419,0.713217984150714,11.59232211078178,-15.191999943570409,-1193.4274467716677,0.08650458,0.17379968,0.1345168836414814,False,0.9307931429113855,False
45.836223776223775,-80.27566433566435,750.0,2026-03-27 22:15:00.000000,51753.692468725014,-7.522379830942334,58.20412725449599,False,anomalous_eval_run_8,anomalous_eval,anomalous_eval_run_8.sqlite,52974.99230997153,-8.240414802260153,46.62782988287084,-1221.2998412465167,0.7180349713178185,11.576297371625145,-11.477674681074859,-1208.58405814461,0.08650458,0.17379968,0.1345168836414814,False,0.9396236480756618,False
45.847412587412585,-80.25888111888113,750.0,2026-03-27 22:20:00.000000,51747.44140011675,-7.515739085968407,58.19484478513555,False,anomalous_eval_run_8,anomalous_eval,anomalous_eval_run_8.sqlite,52976.42708799269,-8.238343848262938,46.63667256710079,-1228.9856878759383,0.7226047622945311,11.558172218034763,-7.685846629421576,-1220.0358985626324,0.08650458,0.17379968,0.1345168836414814,False,0.9455368587423529,False
45.858601398601394,-80.24209790209791,750.0,2026-03-27 22:25:00.000000,51745.03016499939,-7.509357500647698,58.1835004298239,False,anomalous_eval_run_8,anomalous_eval,anomalous_eval_run_8.sqlite,52977.86162970219,-8.236272039878314,46.64551347284583,-1232.8314647027946,0.7269145392306156,11.537986956978074,-3.8457768268563086,-1227.7056646084166,0.08650458,0.17379968,0.1345168836414814,False,0.9484956594640884,False
45.8697902097902,-80.2253146853147,750.0,2026-03-27 22:30:00.000000,51746.47737171648,-7.50324739315524,58.17014344837724,False,anomalous_eval_run_8,anomalous_eval,anomalous_eval_run_8.sqlite,52979.29593502881,-8.234199377679074,46.65435259976884,-1232.8185633123285,0.7309519845238341,11.515790848608397,0.012901390466140583,-1231.5452386303539,0.08670879,0.16928086,0.13212342746555805,False,0.9484857336038159,False
45.88097902097902,-80.20853146853148,750.0,2026-03-27 22:35:00.000000,51751.77185166832,-7.497420557640879,58.15483183990023,False,anomalous_eval_run_8,anomalous_eval,anomalous_eval_run_8.sqlite,52980.73000390132,-8.232125862238199,46.66318994753272,-1228.9581522329972,0.7347053045973198,11.491641892367511,3.860411079331243,-1231.5360600827069,0.08670879,0.16928086,0.13212342746555805,False,0.9455156738208467,False
45.89216783216783,-80.19174825174827,750.0,2026-03-27 22:40:00.000000,51760.87274550401,-7.491888241463404,58.13763209094049,False,anomalous_eval_run_8,anomalous_eval,anomalous_eval_run_8.sqlite,52982.16383624856,-8.230051494128862,46.67202551580048,-1221.2910907445475,0.7381632526654576,11.465606575140015,7.66706148844969,-1227.689268763291,0.08670879,0.16928086,0.13212342746555805,False,0.9396169157579253,False
45.90335664335664,-80.17496503496504,750.0,2026-03-27 22:45:00.000000,51773.70981844726,-7.486661123480116,58.11861888678856,False,anomalous_eval_run_8,anomalous_eval,anomalous_eval_run_8.sqlite,52983.59743199932,-8.227976273924428,46.68085930423515,-1209.887613552055,0.7413151504443123,11.437759582553412,11.403477192492574,-1220.0456188432,0.08670879,0.16928086,0.13212342746555805,False,0.9308434954409118,False
45.91454545454545,-80.15818181818183,750.0,2026-03-27 22:50:00.000000,51790.18400232274,-7.481749293433764,58.097874787177126,False,anomalous_eval_run_8,anomalous_eval,anomalous_eval_run_8.sqlite,52985.030791082405,-8.225900202198458,46.68969131249988,-1194.8467887596635,0.744150908764694,11.408183474677244,15.040824792391504,-1208.6751643520886,0.08670879,0.16928086,0.13212342746555805,False,0.9192716322635047,False
45.92573426573426,-80.1413986013986,750.0,2026-03-27 22:55:00.000000,51810.16816009977,-7.477162232476631,58.07548986778755,False,anomalous_eval_run_8,anomalous_eval,anomalous_eval_run_8.sqlite,52986.463913426654,-8.223823279524703,46.69852154025785,-1176.2957533268855,0.7466610470480726,11.376968327529703,18.551035432778008,-1193.6767185462013,0.08670879,0.16928086,0.13212342746555805,False,0.9049991407751435,False
45.93692307692307,-80.1246153846154,750.0,2026-03-27 23:00:00.000000,51833.508067053175,-7.472908794869358,58.051561329120396,False,anomalous_eval_run_8,anomalous_eval,anomalous_eval_run_8.sqlite,52987.89679896092,-8.221745506477102,46.70734998717231,-1154.3887319077476,0.7488367116077441,11.344211341948089,21.90702141913789,-1175.1770913314322,0.086704284,0.16315249,0.12875079512596133,False,0.888144675811558,False
45.94811188811188,-80.10783216783219,750.0,2026-03-27 23:05:00.000000,51860.02360096938,-7.468997190889847,58.026193074428384,False,anomalous_eval_run_8,anomalous_eval,anomalous_eval_run_8.sqlite,52989.32944761404,-8.219666883629795,46.716176652906604,-1129.30584664466,0.7506696927399483,11.31001642152178,25.08288526308752,-1153.330110626431,0.086704284,0.16315249,0.12875079512596133,False,0.8688468167934889,False
45.9593006993007,-80.09104895104896,750.0,2026-03-27 23:10:00.000000,51889.51013221245,-7.465434970985211,57.99949525854441,False,anomalous_eval_run_8,anomalous_eval,anomalous_eval_run_8.sqlite,52990.76185931488,-8.217587411557107,46.72500153712413,-1101.2517271024335,0.752152440571896,11.274493721420278,28.054119542226545,-1128.3154352182803,0.086704284,0.16315249,0.12875079512596133,False,0.8472629982605125,False
45.97048951048951,-80.07426573426575,750.0,2026-03-27 23:15:00.000000,51921.7401029224,-7.462229011197384,57.971583809563754,False,anomalous_eval_run_8,anomalous_eval,anomalous_eval_run_8.sqlite,52992.194033992295,-8.215507090833556,46.73382463948833,-1070.4539310698965,0.7532780796361722,11.237759170075421,30.797796032537008,-1100.33716827233,0.086704284,0.16315249,0.12875079512596133,False,0.8235682948932815,False
45.98167832167832,-80.05748251748253,750.0,2026-03-27 23:20:00.000000,51956.464783158735,-7.459385499890517,57.94257992545749,False,anomalous_eval_run_8,anomalous_eval,anomalous_eval_run_8.sqlite,52993.62597157517,-8.213425922033858,46.74264595966277,-1037.1611884164377,0.7540404221433414,11.19993396579472,33.292742653458845,-1069.6222821962558,0.086704284,0.16315249,0.12875079512596133,False,0.7979540704006634,False
45.992867132867126,-80.04069930069932,750.0,2026-03-27 23:25:00.000000,51993.41619043625,-7.4569099258057605,57.91260954780283,False,anomalous_eval_run_8,anomalous_eval,anomalous_eval_run_8.sqlite,52995.05767199241,-8.21134390573291,46.75146549731101,-1001.6414815561584,0.7544339799271498,11.16114405049182,35.51970686027926,-1036.418867014164,0.086704284,0.16315249,0.12875079512596133,False,0.7706265006987223,False
46.00405594405594,-80.02391608391609,750.0,2026-03-27 23:30:00.000000,52032.30915783946,-7.454807067466532,57.881802814915645,False,anomalous_eval_run_8,anomalous_eval,anomalous_eval_run_8.sqlite,52996.48913517288,-8.209261042505808,46.76028325209675,-964.1799773334205,0.7544539750392767,11.121519562818897,37.46150422273786,-1000.9942157686722,0.08563077,0.17558213,0.135104014351964,False,0.7418049827787295,False
46.01524475524475,-80.00713286713288,750.0,2026-03-27 23:35:00.000000,52072.8435347553,-7.453080983954669,57.85029349675979,False,anomalous_eval_run_8,anomalous_eval,anomalous_eval_run_8.sqlite,52997.92036104552,-8.207177332927836,46.76909922368371,-925.0768262902202,0.7540963489731674,11.081194273076079,39.10315104320034,-963.6327617265997,0.08563077,0.17558213,0.135104014351964,False,0.7117204415435775,False
46.02643356643356,-79.99034965034966,750.0,2026-03-27 23:40:00.000000,52114.70650324021,-7.451735007075319,57.81821841408695,False,anomalous_eval_run_8,anomalous_eval,anomalous_eval_run_8.sqlite,52999.35134953923,-8.205092777574471,46.777913411735696,-884.6448462990229,0.7533577704991519,11.040305002351253,40.431979991197295,-924.6338833075546,0.08563077,0.17558213,0.135104014351964,False,0.6806135476791881,False
46.03762237762237,-79.97356643356645,750.0,2026-03-27 23:45:00.000000,52157.57499214547,-7.450771734925656,57.78571684432929,False,anomalous_eval_run_8,anomalous_eval,anomalous_eval_run_8.sqlite,53000.782100582954,-8.203007377021382,46.786725815916576,-843.2071084374838,0.7522356420957266,10.998991028412718,41.43773786153906,-884.3095936755757,0.08563077,0.17558213,0.135104014351964,False,0.6487328603143863,False
46.048811188811186,-79.95678321678322,750.0,2026-03-27 23:50:00.000000,52201.1181703701,-7.450193026879855,57.752929916824584,False,anomalous_eval_run_8,anomalous_eval,anomalous_eval_run_8.sqlite,53002.21261410561,-8.200921131844424,46.79553643589031,-801.0944437355065,0.7507281049645691,10.957393480934272,42.11266470197734,-842.9821328240045,0.08563077,0.17558213,0.135104014351964,False,0.6163329088028295,False
46.059999999999995,-79.94000000000001,750.0,2026-03-27 23:55:00.000000,52245.0,-7.45,57.72,False,anomalous_eval_run_8,anomalous_eval,anomalous_eval_run_8.sqlite,53003.64289003616,-8.19883404261965,46.804345271320884,-758.642890036157,0.7488340426196496,10.915654728679115,42.45155369934946,-800.9814807363824,0.08563077,0.17558213,0.135104014351964,False,0.5836722284307184,False
